"family","n","alpha_true","rep","parameter","true","mean","lower","upper","rhat","ess_bulk","ess_tail"
"msnburr",50,0.5,1,"mu",0,-0.145222066909107,-0.454754471510928,0.175250307052534,1.00402215810053,1019.67045858643,1288.73467892881
"msnburr",50,0.5,1,"sigma",1,0.867504009596038,0.667888312534162,1.11305636769002,1.00264885757213,1582.83002980987,1794.95354649944
"msnburr",50,0.5,1,"alpha",0.5,0.399034183016389,0.199074089489701,0.711655321485251,1.00069361904541,1776.01031853682,3322.23067432106
"msnburr",50,0.5,2,"mu",0,-0.143569281192017,-0.603288331929827,0.269068982862941,1.00597689201215,612.904427037401,744.913252783854
"msnburr",50,0.5,2,"sigma",1,0.913754084552648,0.70910183706543,1.17849962404653,1.00143050814075,1139.50794509633,1313.29637794331
"msnburr",50,0.5,2,"alpha",0.5,0.749632939443006,0.265320876363691,2.08034977919049,1.00628115898556,799.22824273097,1125.30545438661
"msnburr",50,0.5,3,"mu",0,0.0468213090956861,-0.38909146248496,0.523036189668725,1.00600826878212,373.155057533815,567.604874162755
"msnburr",50,0.5,3,"sigma",1,0.83232936671428,0.642260418732404,1.0659401923425,1.0016296721739,1033.05684652925,1740.70730603706
"msnburr",50,0.5,3,"alpha",0.5,0.524615760521006,0.157887584115939,1.26013633552418,1.00476198781358,463.738550777866,745.124942243065
"msnburr",50,0.5,4,"mu",0,-0.203834725879105,-0.55890300848098,0.13436852465441,1.00385063567694,975.222921382755,1373.57231066554
"msnburr",50,0.5,4,"sigma",1,0.982413488529914,0.766559342175831,1.27868367379164,1.00124657188149,1508.01939566667,1717.27556634258
"msnburr",50,0.5,4,"alpha",0.5,0.659857684283009,0.323869293581959,1.25940121076056,1.00030463940499,1500.43397237939,2192.50697218958
"msnburr",50,0.5,5,"mu",0,-0.365789918879226,-0.797963847399457,0.0654010639798424,1.00415297773085,614.247115589112,960.464172551493
"msnburr",50,0.5,5,"sigma",1,0.898268584317207,0.694849579664533,1.15532373593014,1.00418228623375,1318.18135162696,1669.6149926061
"msnburr",50,0.5,5,"alpha",0.5,0.487898809929329,0.18469328071652,1.07573160851064,1.00393105928344,848.655011575566,1543.16156070943
"msnburr",50,0.5,6,"mu",0,-0.234579732282752,-0.59309534650264,0.13104656229229,1.00176704286953,799.993868098572,1297.03147028302
"msnburr",50,0.5,6,"sigma",1,0.846424380651579,0.666765184207347,1.0775251513671,1.00314270192768,1589.90576776588,1577.5131311647
"msnburr",50,0.5,6,"alpha",0.5,0.679502278340238,0.280314463101103,1.44097374647465,1.00076965340974,1168.75531160134,2513.40237381296
"msnburr",50,0.5,7,"mu",0,0.10772945198463,-0.288326506720668,0.505058080174679,1.00471237967504,857.476267495449,1208.48408059903
"msnburr",50,0.5,7,"sigma",1,1.0013950807755,0.776804095147151,1.28493029452965,1.00246924193229,1292.50459435862,1805.45564050984
"msnburr",50,0.5,7,"alpha",0.5,0.378136525681042,0.173625586820804,0.726123008383123,1.00207873435858,1338.92700787842,2635.1647734255
"msnburr",50,0.5,8,"mu",0,-0.14734787114145,-0.538472398839047,0.247560508848705,1.00610833340829,970.60143055861,1399.09311242563
"msnburr",50,0.5,8,"sigma",1,1.04779274730021,0.819237818363755,1.32816833554664,1.00341218600777,1645.89347118164,1731.65958638858
"msnburr",50,0.5,8,"alpha",0.5,0.595968160013579,0.280541685218542,1.15528320286399,1.00287378581147,1561.71213629515,2402.89910113873
"msnburr",50,0.5,9,"mu",0,-0.0249292849097699,-0.47619234499486,0.427600244369423,1.00238438766903,560.948259664939,1089.95535077733
"msnburr",50,0.5,9,"sigma",1,1.0051495892152,0.783272825251583,1.29550762793842,1.00313151522354,1185.85159548428,1416.07549397731
"msnburr",50,0.5,9,"alpha",0.5,0.440007812829936,0.180529004464488,0.923261960803404,1.00232439330584,823.477676729275,1669.56267328453
"msnburr",50,0.5,10,"mu",0,-0.0661285206584594,-0.58013778152322,0.426041823979414,1.00811266497143,471.058573181778,909.507740634098
"msnburr",50,0.5,10,"sigma",1,0.995624060748712,0.759071402803312,1.28538303868596,1.00722454028491,1219.21208557271,1755.33347212033
"msnburr",50,0.5,10,"alpha",0.5,0.60893824495504,0.204991623546258,1.53646492985166,1.00584697060914,592.507381849183,1495.06863649153
"msnburr",50,0.5,11,"mu",0,0.197115264666094,-0.296863306370707,0.682447427859149,1.0150283253356,456.395587875835,841.000921223156
"msnburr",50,0.5,11,"sigma",1,0.98667990031593,0.744279102309953,1.29852190208736,1.00457461924181,943.90397879078,1485.23998105831
"msnburr",50,0.5,11,"alpha",0.5,0.287438980456439,0.102084281498976,0.637338969850422,1.01034216949173,635.119312686758,1516.12485522284
"msnburr",50,0.5,12,"mu",0,0.0601731265051445,-0.339661255513625,0.461000789298869,1.00569147333072,537.500953751811,1074.69928475383
"msnburr",50,0.5,12,"sigma",1,0.859619651290682,0.663989740840825,1.10675316835851,1.00249615547856,1233.17659553768,1772.33952348891
"msnburr",50,0.5,12,"alpha",0.5,0.521946048687811,0.198691120085876,1.21274004779622,1.00291759539754,700.18938532232,1731.14656614309
"msnburr",50,0.5,13,"mu",0,-0.374284681124037,-0.798831015910199,0.0354992209873145,1.0048505313658,783.788519418968,971.140516438094
"msnburr",50,0.5,13,"sigma",1,0.990522717877433,0.777315407508844,1.25291917313231,1.00483241001365,1231.08374668282,1573.46511366744
"msnburr",50,0.5,13,"alpha",0.5,0.853868457889765,0.35146039444178,1.94973140171732,1.00235847143487,1131.76123967245,1586.36665098893
"msnburr",50,0.5,14,"mu",0,-0.660985996132108,-1.02577773762546,-0.265093591403049,1.00795378303513,725.022183786546,1268.60031157213
"msnburr",50,0.5,14,"sigma",1,0.9130211915663,0.72913568475161,1.14426116142193,1.00409929863102,1588.54834859714,1704.43736872038
"msnburr",50,0.5,14,"alpha",0.5,1.97722574602663,0.560439786004774,6.09140868042969,1.00573278004854,1073.06708568234,2409.56935468098
"msnburr",50,0.5,15,"mu",0,0.0136757965925241,-0.373412719319338,0.406943958601362,1.0046310814452,772.595522763237,1320.91733463433
"msnburr",50,0.5,15,"sigma",1,0.956248736533076,0.742943086094265,1.24520027637638,1.00634018961108,1231.92626021154,1358.81091191361
"msnburr",50,0.5,15,"alpha",0.5,0.449010232180146,0.197228067191587,0.876992059082079,1.00166143670947,1248.4650230603,2211.81500748048
"msnburr",50,0.5,16,"mu",0,0.483097917108203,-0.034204517860131,0.901783285292314,1.00371254116743,487.523368393898,862.786556560077
"msnburr",50,0.5,16,"sigma",1,0.963448707656086,0.725530313211808,1.26296576476819,1.00310792207464,1033.3384378717,1714.80596812262
"msnburr",50,0.5,16,"alpha",0.5,0.283533573417978,0.105656599860116,0.637224576730937,1.00287815986189,576.946308599742,1346.56618823167
"msnburr",50,0.5,17,"mu",0,-0.05218195689439,-0.531071926547584,0.387222384681665,1.00732508306593,586.90397001382,1110.01254702562
"msnburr",50,0.5,17,"sigma",1,0.998723655847736,0.771703846058192,1.29398625578276,1.00262553635272,1267.09601043433,2056.91195255564
"msnburr",50,0.5,17,"alpha",0.5,0.398018066248655,0.160165143186906,0.86706534716149,1.00479848326614,804.586121421945,1723.62541526398
"msnburr",50,0.5,18,"mu",0,-0.163997019397371,-0.579008831022196,0.28109188200442,1.00246034955188,1164.86137543495,1763.25243649789
"msnburr",50,0.5,18,"sigma",1,1.15091282006171,0.906705518246273,1.45454409716825,1.00288213869325,1665.14589673466,1809.88708341276
"msnburr",50,0.5,18,"alpha",0.5,0.984541479000385,0.427326467365941,2.01510488377434,1.00066097389394,1815.54951414242,2465.78696013359
"msnburr",50,0.5,19,"mu",0,0.153503011062751,-0.259719048587268,0.568646565055129,1.00641779926428,687.268994678338,1003.15075821735
"msnburr",50,0.5,19,"sigma",1,0.901158955923699,0.702868156579086,1.14784482711901,1.00377427342375,1209.6541309784,1472.62131615293
"msnburr",50,0.5,19,"alpha",0.5,0.605882390826153,0.235384432403707,1.29731706259237,1.00526848544241,976.861904295075,1713.37921519604
"msnburr",50,0.5,20,"mu",0,-0.31779360524416,-0.756971295799851,0.121750444112113,1.00383935742279,909.313746578568,1276.37367898938
"msnburr",50,0.5,20,"sigma",1,1.05540520627124,0.831933234846524,1.32836238513316,1.0031290377909,1629.70861526238,1862.13213837104
"msnburr",50,0.5,20,"alpha",0.5,1.4491384350271,0.469682842546386,4.04573715593253,1.00213328811795,1299.61702974827,2389.39764092399
"msnburr",50,0.5,21,"mu",0,-0.542972168328746,-1.06299746266617,-0.0300841537182064,1.00703939639447,852.392262710849,1417.40235523433
"msnburr",50,0.5,21,"sigma",1,1.34955149047809,1.05177989997611,1.71632628174039,1.00159890249829,1554.26013487173,1893.11772151458
"msnburr",50,0.5,21,"alpha",0.5,0.997531304335362,0.404567325003521,2.41070414131328,1.00290730172084,1246.11244398093,1964.63064887371
"msnburr",50,0.5,22,"mu",0,0.0576452642777474,-0.386065403967116,0.551872048890363,1.00597273456259,510.425414154061,723.910630882842
"msnburr",50,0.5,22,"sigma",1,0.978443454828414,0.743377548145138,1.2683484828975,1.00438633754967,1103.90071378921,1512.35640096898
"msnburr",50,0.5,22,"alpha",0.5,0.363602809598614,0.12937191812814,0.780158780705006,1.00438590297358,724.537626044052,976.990581150347
"msnburr",50,0.5,23,"mu",0,-0.0682626043492308,-0.362334938474193,0.236469675997429,1.00204290537644,1048.77144282513,1507.11935378932
"msnburr",50,0.5,23,"sigma",1,0.796919338667006,0.620758032132898,1.0314076194546,1.0019299130308,1568.97292711129,1703.43894250049
"msnburr",50,0.5,23,"alpha",0.5,0.473951804043333,0.226818497296702,0.894229834015688,1.00030769498974,1809.435970265,3230.8902171221
"msnburr",50,0.5,24,"mu",0,-0.176675037639083,-0.632001506398366,0.254591994639604,1.00699022675158,627.595871145937,759.434959575023
"msnburr",50,0.5,24,"sigma",1,0.936797034508992,0.739763234163165,1.19836401129882,1.0034805337723,1388.87458347295,1329.51271716014
"msnburr",50,0.5,24,"alpha",0.5,1.05451554216253,0.359926754080655,2.9948638916419,1.00487665303581,782.832346344336,1004.71335175505
"msnburr",50,0.5,25,"mu",0,0.254941827400863,-0.200450798918044,0.703523264488816,1.00198861161136,711.666731131579,955.2831735148
"msnburr",50,0.5,25,"sigma",1,0.993904064925574,0.766816201048083,1.30203055034686,1.0012845121178,1163.62560601394,1834.68439751062
"msnburr",50,0.5,25,"alpha",0.5,0.343609673324029,0.133873395456822,0.743999495469132,1.00185654788871,903.54985395452,1266.89704872001
"msnburr",50,0.5,26,"mu",0,-0.0926947994038336,-0.687099040965288,0.444609564313228,1.00598173566424,598.385681353707,906.968174460239
"msnburr",50,0.5,26,"sigma",1,1.17798855690559,0.908209366135395,1.52899219833572,1.00590681894515,1040.1096175712,1375.53134893884
"msnburr",50,0.5,26,"alpha",0.5,0.643822611169413,0.227533468094699,1.56739504205245,1.00211178026846,770.922842016769,1564.48588782321
"msnburr",50,0.5,27,"mu",0,0.0318565426121963,-0.472314278089496,0.487537348833626,1.00770549102987,790.16357208943,1331.81053570621
"msnburr",50,0.5,27,"sigma",1,1.15470988697508,0.881107285904115,1.49358232432762,1.00343589671188,1150.14415592798,1646.80473339547
"msnburr",50,0.5,27,"alpha",0.5,0.472176683448621,0.211459791188091,0.983916554695622,1.00426904295414,1098.50949907009,2559.43378439916
"msnburr",50,0.5,28,"mu",0,-0.179599088316214,-0.663120043521368,0.384691410055474,1.0055048004602,749.253179804059,1007.53264432536
"msnburr",50,0.5,28,"sigma",1,1.13402705559703,0.902801414228471,1.44669786636742,1.0009710674775,1522.88099430912,1512.31607829704
"msnburr",50,0.5,28,"alpha",0.5,1.08587824152282,0.351043216887358,2.53670900403174,1.00346689279213,1052.92401019087,1412.40153899921
"msnburr",50,0.5,29,"mu",0,-0.180509426742306,-0.811802540527556,0.354792382974656,1.0129527713149,374.884589687086,675.659684740412
"msnburr",50,0.5,29,"sigma",1,0.98192328672749,0.749410342258421,1.28578387849336,1.0045503976507,784.616545483871,1113.82229832791
"msnburr",50,0.5,29,"alpha",0.5,0.637054587360246,0.178709909204854,1.93742582791066,1.01044911930932,466.361010759065,1121.99674916366
"msnburr",50,0.5,30,"mu",0,0.0742608683260794,-0.252201040206499,0.393793241369618,1.00440131342676,924.845081673278,1490.48481798468
"msnburr",50,0.5,30,"sigma",1,0.88497395194276,0.689905745016924,1.13800408557915,1.00295911983317,1555.42262127985,1695.74938056552
"msnburr",50,0.5,30,"alpha",0.5,0.844743182523897,0.388106465625277,1.70984006090293,1.00117557062806,1940.37982063065,2917.0208288951
"msnburr",50,0.5,31,"mu",0,-0.358079731950048,-0.801390312873821,0.0865869575910806,1.00366180131099,680.825054050793,1161.41538939854
"msnburr",50,0.5,31,"sigma",1,0.974929274260316,0.764305052632697,1.22904015031204,1.00139441494825,1481.55872758493,1651.12101452877
"msnburr",50,0.5,31,"alpha",0.5,0.80774075215997,0.293344413504438,2.01261984333253,1.00206234550598,942.595444498465,1735.85070268056
"msnburr",50,0.5,32,"mu",0,-0.163750284326013,-0.527995491490245,0.214050921392166,1.00723064334815,969.4956832999,1630.99550862144
"msnburr",50,0.5,32,"sigma",1,0.971998791834749,0.757341585638226,1.25268156914879,1.00538833935837,1386.63621629482,1626.55123630194
"msnburr",50,0.5,32,"alpha",0.5,0.635206247413439,0.286941193862094,1.2646606099391,1.00222369595298,1462.17052187478,2736.79432075557
"msnburr",50,0.5,33,"mu",0,0.162726043399376,-0.354264212689751,0.586238736270648,1.00251793711566,554.412352448427,824.233636458934
"msnburr",50,0.5,33,"sigma",1,0.975553821157434,0.756905725563657,1.25151254670108,1.00344280041539,1118.24080711132,1437.442780683
"msnburr",50,0.5,33,"alpha",0.5,0.784422045925325,0.28420654307935,2.09458240189331,1.00275451760476,717.860629785445,1135.22433706032
"msnburr",50,0.5,34,"mu",0,-0.223893858293451,-0.692808048960182,0.183759956876526,1.00591495560315,825.679506648826,1235.98437148907
"msnburr",50,0.5,34,"sigma",1,1.02048924124719,0.795084648959685,1.31187036844765,1.00149897221365,1255.83169872828,1449.47203971574
"msnburr",50,0.5,34,"alpha",0.5,0.807960954210311,0.311078480159313,2.02330655728438,1.00224025621037,1065.5432698695,1554.61631565188
"msnburr",50,0.5,35,"mu",0,-0.285144307430287,-0.684464844997623,0.112902377344078,1.00287928677462,869.203972972715,1465.43831956258
"msnburr",50,0.5,35,"sigma",1,1.03220855919575,0.807512099110668,1.30571997780335,1.00213629538369,1579.28697502253,1747.80088476088
"msnburr",50,0.5,35,"alpha",0.5,1.04091569480708,0.426293009955709,2.3916943158425,1.00107353756625,1353.54389614543,2498.52703212735
"msnburr",50,0.5,36,"mu",0,0.071654107999983,-0.373419832823428,0.509053910666666,1.00594539290843,842.030202398451,1203.906145182
"msnburr",50,0.5,36,"sigma",1,1.14404991593744,0.896564667855017,1.45422826991065,1.00329110166114,1630.89319187775,2223.23364544893
"msnburr",50,0.5,36,"alpha",0.5,0.505255725603541,0.24792025983715,0.935522386043994,1.00267623341324,1502.10363673185,2167.69981668109
"msnburr",50,0.5,37,"mu",0,-0.189888903421617,-0.649382890199129,0.3035334037621,1.00315837421454,892.024044263794,1458.27480011041
"msnburr",50,0.5,37,"sigma",1,1.20583801216245,0.948455847764445,1.52305320414991,1.00294338607883,1927.42992667624,1962.95073880797
"msnburr",50,0.5,37,"alpha",0.5,1.26336548816836,0.472126415787413,3.06283607234656,1.0026498620064,1363.75160446071,2190.98928217652
"msnburr",50,0.5,38,"mu",0,0.24562431012925,-0.0869620473473674,0.53962146521733,1.00710784967668,613.051445843554,1154.56613307056
"msnburr",50,0.5,38,"sigma",1,0.743658630501954,0.571451995620869,0.970159300172505,1.00375548408986,1263.95279333921,1574.38143596557
"msnburr",50,0.5,38,"alpha",0.5,0.288562232371647,0.123239823969374,0.601938877202995,1.00303326941562,823.934928189966,1600.7811498501
"msnburr",50,0.5,39,"mu",0,-0.224858819586022,-0.562929907469984,0.165112171364483,1.00474932368752,907.762545400352,1492.59624445713
"msnburr",50,0.5,39,"sigma",1,0.92059578053004,0.733440684907102,1.15163239797479,1.00201735645925,1612.01273155953,1999.07756910316
"msnburr",50,0.5,39,"alpha",0.5,2.14023442930886,0.626050065507519,6.62562271751596,1.00267176393691,1201.10263846485,2303.83055442179
"msnburr",50,0.5,40,"mu",0,-0.22978216696118,-0.876122899708702,0.352394757611811,1.00966337702574,498.790045400404,755.19949828621
"msnburr",50,0.5,40,"sigma",1,1.16637402348141,0.910067083494242,1.49670045139755,1.00320789288296,1251.44360154326,1608.42023156798
"msnburr",50,0.5,40,"alpha",0.5,0.546983581535271,0.18946165053889,1.39767790529048,1.00779216985593,608.533644027538,1212.14815508609
"msnburr",50,0.5,41,"mu",0,0.189865179889878,-0.310288934565312,0.686289283861309,1.00326276671711,631.126388078627,874.296229811985
"msnburr",50,0.5,41,"sigma",1,1.11171176790108,0.863683383990697,1.41548013564134,1.00492717180717,1267.16454485146,1841.52029583541
"msnburr",50,0.5,41,"alpha",0.5,0.502771726542162,0.207971180370733,1.06071984580126,1.0014310551078,946.197577981583,1872.83975712557
"msnburr",50,0.5,42,"mu",0,0.158245470853452,-0.235915637999274,0.526790732637106,1.00552309659314,467.180876901176,1046.78052780339
"msnburr",50,0.5,42,"sigma",1,0.822402456719114,0.625135084106397,1.0592466311684,1.00385327400787,935.358023827992,1529.7396514219
"msnburr",50,0.5,42,"alpha",0.5,0.429742496392062,0.16094217106528,0.962834568309694,1.00410080144718,591.515361678841,1587.09333169198
"msnburr",50,0.5,43,"mu",0,-0.080804778629255,-0.535583322744352,0.353807524928443,1.00376387266395,610.030247502914,947.147306503664
"msnburr",50,0.5,43,"sigma",1,0.940220308474164,0.726903808778019,1.20766788846235,1.00113865313533,1391.98334713328,1315.78483461457
"msnburr",50,0.5,43,"alpha",0.5,0.749177728158279,0.26594227206113,1.89013141311185,1.00293910751333,799.714318297685,1615.17261854476
"msnburr",50,0.5,44,"mu",0,-0.285576771061804,-0.706712014838851,0.116568971922582,1.00241627352204,1020.61463212927,1318.03780439813
"msnburr",50,0.5,44,"sigma",1,1.14985435811688,0.902703329403056,1.45741031183815,1.00309546344567,1451.03375848727,1816.84435743712
"msnburr",50,0.5,44,"alpha",0.5,0.705946975756076,0.335029528317178,1.43125050317899,1.00167626606114,1639.1888123353,2067.84228136361
"msnburr",50,0.5,45,"mu",0,0.275402135974151,-0.14721277498974,0.66524188213803,1.00576958364424,764.479851950641,1212.21301158435
"msnburr",50,0.5,45,"sigma",1,0.979503481610194,0.752242111802839,1.26297435770902,1.00270587699567,1256.654924712,1645.06356938806
"msnburr",50,0.5,45,"alpha",0.5,0.323932003290504,0.138397094869927,0.672373594516603,1.00173789198014,1049.38978784048,1667.74255175471
"msnburr",50,0.5,46,"mu",0,0.0794965923719811,-0.244039945208229,0.398345782715141,1.0016471431538,1124.47313110873,1749.79816151901
"msnburr",50,0.5,46,"sigma",1,0.924060163154289,0.726493649525607,1.17366341083524,1.00254453548553,1593.81261160149,1786.85579869258
"msnburr",50,0.5,46,"alpha",0.5,1.63417029630586,0.631357153157702,3.93913770504078,1.0015159076598,1636.69233630068,2399.98574039703
"msnburr",50,0.5,47,"mu",0,0.135856799095928,-0.297838165654829,0.576090166124328,1.00521615753728,875.618206373474,1515.13136604342
"msnburr",50,0.5,47,"sigma",1,1.07222825173609,0.828282284833702,1.39019033189597,1.00192053430704,1450.16429907057,1606.58497806724
"msnburr",50,0.5,47,"alpha",0.5,0.537896584721182,0.243757086132459,1.11623996469577,1.00302068633161,1320.47753023409,2291.44119167392
"msnburr",50,0.5,48,"mu",0,-0.239188021255852,-0.750784946311783,0.229893851686032,1.00579957067472,638.431724226504,933.006327168271
"msnburr",50,0.5,48,"sigma",1,1.02201919202864,0.796463427631702,1.30415008640835,1.00285663446729,1226.69733982146,1512.71333096384
"msnburr",50,0.5,48,"alpha",0.5,0.771131667807856,0.273678846800956,2.07109563436063,1.00296122520817,818.065649918459,1365.65278565968
"msnburr",50,0.5,49,"mu",0,-0.0514427065763563,-0.580680255003452,0.422016299454299,1.01281238652833,687.077998731723,1012.30842087335
"msnburr",50,0.5,49,"sigma",1,1.16092067655986,0.905690661100594,1.49000376468889,1.00048293733608,1501.3799324355,1659.01068217633
"msnburr",50,0.5,49,"alpha",0.5,0.655602605607683,0.262815740726423,1.54353000573409,1.00854519435221,948.43032348523,1503.88893517217
"msnburr",50,0.5,50,"mu",0,0.0333525095766858,-0.450306919377707,0.532334833519308,1.00644560987351,514.651399269084,769.984903638423
"msnburr",50,0.5,50,"sigma",1,1.03556475751616,0.797282238724971,1.34187978393406,1.00545760482651,1307.70763375663,1634.49147260811
"msnburr",50,0.5,50,"alpha",0.5,0.654164770526048,0.233464042756467,1.53153793016131,1.00153015287803,689.886671728561,1577.21748724647
"msnburr",50,1,1,"mu",0,0.0312969678323228,-0.64534373334912,0.854333636616819,1.0085551452189,378.289670557158,459.556654357857
"msnburr",50,1,1,"sigma",1,1.26812595582093,0.997229203578313,1.60190154659638,1.0054621599112,1072.01583401136,1597.77857682948
"msnburr",50,1,1,"alpha",1,1.42215753004866,0.268341707243388,5.2159092511089,1.00760040427427,437.884271991003,583.959847998849
"msnburr",50,1,2,"mu",0,0.0170392355996017,-0.497609538888857,0.545043954562586,1.00262617261931,764.938872407292,1088.08365225463
"msnburr",50,1,2,"sigma",1,1.23989467156283,0.9785601049822,1.55527483131851,1.00304818466487,1636.9413012682,1912.40091415275
"msnburr",50,1,2,"alpha",1,1.20516522902655,0.433340831068565,3.00043943841326,1.0019678755303,1070.31369318492,2514.25538704236
"msnburr",50,1,3,"mu",0,0.00984184723446813,-0.412583051971383,0.428589401627324,1.00910980421792,672.129838383222,1103.2827991356
"msnburr",50,1,3,"sigma",1,0.941219170985058,0.738204756285221,1.2100000391448,1.00540692870393,1418.77281570369,1748.3317012933
"msnburr",50,1,3,"alpha",1,0.753139338797623,0.298267712576188,1.69014899405218,1.006858356534,921.864989892295,1976.19953344027
"msnburr",50,1,4,"mu",0,0.234163923535301,-0.10979964814053,0.598491500983123,1.00037212866009,1001.60307946227,1233.10441376563
"msnburr",50,1,4,"sigma",1,0.878019689251317,0.691246934912765,1.11272676227646,1.00356713763406,1622.11595446244,1802.72015009642
"msnburr",50,1,4,"alpha",1,0.712324314028466,0.304660592377344,1.45748282475016,1.00018601145378,1373.00797477326,2665.30632137612
"msnburr",50,1,5,"mu",0,-0.0374309919546998,-0.390168758528233,0.301560719533094,1.00236791006143,956.761615991723,1346.10017640406
"msnburr",50,1,5,"sigma",1,0.922870719808885,0.721687798490386,1.19041314404927,1.00422916360772,1264.71851561113,1571.90625180001
"msnburr",50,1,5,"alpha",1,0.828089674343996,0.372008372705576,1.73417509204647,1.00169414149162,1610.01076137676,2422.37732511108
"msnburr",50,1,6,"mu",0,0.239982463438247,-0.147578229622023,0.588989738777915,1.0065967525547,737.493894020292,1203.10132544145
"msnburr",50,1,6,"sigma",1,0.865254634680445,0.668843696616496,1.10421390912031,1.00347339555323,1655.32918696942,1625.94020495264
"msnburr",50,1,6,"alpha",1,0.994936307750738,0.370034825652882,2.57683750357739,1.00457740964833,1069.23676423346,1974.83441719598
"msnburr",50,1,7,"mu",0,-0.129320955588695,-0.560728598006428,0.371318349634837,1.00824447015801,617.456129282947,1038.24713595558
"msnburr",50,1,7,"sigma",1,1.12554342597156,0.903860654068369,1.3959708307207,1.00151530944047,1668.75520412311,2016.71367914564
"msnburr",50,1,7,"alpha",1,2.23694162302684,0.573807869041392,7.5120392147868,1.00385589212458,869.025334531382,1964.5219344839
"msnburr",50,1,8,"mu",0,0.118525978231158,-0.269163735582638,0.557114771770487,1.00209305604963,931.195702895545,1353.86847371935
"msnburr",50,1,8,"sigma",1,1.10170331600331,0.879614599195088,1.38542954199899,1.00347699317497,1617.5163770776,1761.73687783588
"msnburr",50,1,8,"alpha",1,2.01827087722041,0.652221102509409,5.64514145884259,1.00316175887262,1509.51790698161,2772.09430074098
"msnburr",50,1,9,"mu",0,0.406391016102524,0.0199986509632468,0.812395215120893,1.00379011770694,538.779198261828,900.349388756836
"msnburr",50,1,9,"sigma",1,0.86488432723707,0.665511714600423,1.12009744474916,1.00457878386561,1234.12381276815,1490.12185436001
"msnburr",50,1,9,"alpha",1,0.471763420213959,0.187438533889676,1.03839321212262,1.00291165322575,745.890713716252,1495.88561164311
"msnburr",50,1,10,"mu",0,0.0158005761762085,-0.441504288858655,0.426810920630449,1.00376557492408,1111.45848718784,1255.4893153665
"msnburr",50,1,10,"sigma",1,1.18058873734735,0.9342587275551,1.50324294332463,1.00230539363264,1197.11702004986,1603.53107317233
"msnburr",50,1,10,"alpha",1,1.49406395871707,0.592957467340419,3.68121941767313,1.00240910334607,1761.45980534518,2018.57100856203
"msnburr",50,1,11,"mu",0,-0.107205214825222,-0.487002498333848,0.281752341543238,1.00293284809569,1047.70353342149,1557.41825731907
"msnburr",50,1,11,"sigma",1,1.02745422935555,0.824036521275979,1.27986764596264,1.00293875291203,1729.71379993772,2202.37628584892
"msnburr",50,1,11,"alpha",1,1.5097472911061,0.57174226462658,3.63163696160093,1.0020732047833,1653.63484201423,2790.61389299543
"msnburr",50,1,12,"mu",0,0.10535120570123,-0.265129910074126,0.49380605446571,1.00539844894935,691.518629492124,905.789180606243
"msnburr",50,1,12,"sigma",1,0.88092733227193,0.69918922260543,1.11877065321852,1.00208069179409,1665.43381196887,1922.54891226916
"msnburr",50,1,12,"alpha",1,1.3760944459839,0.459909806109332,3.70323605189335,1.00272865097271,947.421731444009,1950.11423647605
"msnburr",50,1,13,"mu",0,-0.0753799813926831,-0.494150219808293,0.454589580547754,1.00641498015863,800.624354962846,1043.32342314425
"msnburr",50,1,13,"sigma",1,1.07773803629978,0.863791116599706,1.34927104896989,1.00131827323626,1687.46473378319,2046.67122131019
"msnburr",50,1,13,"alpha",1,1.46617985658871,0.452926000999907,3.75678271728502,1.00479401408158,1083.25234582935,1694.76378539984
"msnburr",50,1,14,"mu",0,0.0132908404830685,-0.412552809033235,0.486913758576917,1.00255344303257,752.63162344461,1060.97919832814
"msnburr",50,1,14,"sigma",1,1.04062717786689,0.826045604106582,1.3061895881787,1.00486474880862,1458.96467247202,1602.27811730966
"msnburr",50,1,14,"alpha",1,1.77373044872526,0.497365183216349,5.18018686460088,1.00123373748804,1039.4151897592,1543.58728069877
"msnburr",50,1,15,"mu",0,-0.223420885567859,-0.583926507784806,0.143064248546693,1.00335305515285,761.649148673758,1312.0235307995
"msnburr",50,1,15,"sigma",1,0.870187875948143,0.688027562233042,1.11229000732365,1.00186107292032,1579.42299087824,1491.82158447755
"msnburr",50,1,15,"alpha",1,1.3237276880684,0.457104191882005,3.56825929256246,1.00312605434376,1179.77605710514,1850.72586939426
"msnburr",50,1,16,"mu",0,0.0141250699653442,-0.364503022243467,0.41844566167087,1.00263768881419,705.430034271785,932.84181844682
"msnburr",50,1,16,"sigma",1,0.828951648491303,0.64867753130953,1.05816634666809,1.00275297315873,1533.22927297516,1936.57099841215
"msnburr",50,1,16,"alpha",1,0.695101800312005,0.25356781053344,1.5038469604302,1.0013713361898,939.640026319396,1290.66118336356
"msnburr",50,1,17,"mu",0,-0.0848650342197554,-0.456344183985888,0.337321962791558,1.0031139044973,605.10515288265,1024.83785350638
"msnburr",50,1,17,"sigma",1,0.849186177098086,0.674854479167774,1.07111952378589,1.00090336774492,1908.47515803091,2026.48086006364
"msnburr",50,1,17,"alpha",1,1.87013548820991,0.444084087218427,6.31002545506295,1.00169918107283,764.145096380438,1315.365864287
"msnburr",50,1,18,"mu",0,-0.0799871924259571,-0.547894442875505,0.399906953692904,1.00491420752376,569.03076106924,1041.34026687031
"msnburr",50,1,18,"sigma",1,1.08221216668541,0.850786234130068,1.3706634034629,1.00330530247669,1428.42201754739,1943.82450041195
"msnburr",50,1,18,"alpha",1,1.38865287581621,0.447635942337059,4.01369857408492,1.00272470793234,821.212812298448,2014.80830618926
"msnburr",50,1,19,"mu",0,-0.472415133337638,-0.946536066431293,0.115252574057494,1.0046455014583,620.737520901067,1024.15728276765
"msnburr",50,1,19,"sigma",1,1.13436915958492,0.906720227263144,1.41144540568415,1.00285031799938,1758.39466147594,1634.68604803196
"msnburr",50,1,19,"alpha",1,2.52904760908631,0.493029378845837,8.95416648299224,1.00177587605781,813.373813425461,1390.45559298819
"msnburr",50,1,20,"mu",0,0.032021924576974,-0.499574222861053,0.583919285791026,1.00815325224443,747.306102402575,1068.67359587411
"msnburr",50,1,20,"sigma",1,1.31959057742142,1.05164610548856,1.65613563708186,1.00177997257725,1723.48828696495,1621.90630555004
"msnburr",50,1,20,"alpha",1,1.6957934920594,0.549168484071498,4.9361542509383,1.00638658777671,1017.23440589797,1752.57890741046
"msnburr",50,1,21,"mu",0,-0.286997099508998,-0.64676466049196,0.0757556848107445,1.00218281324622,1053.84859030023,1518.757844624
"msnburr",50,1,21,"sigma",1,1.00723441660049,0.790298696262069,1.2923634778534,1.00254230667153,1539.64013694647,1721.4100809889
"msnburr",50,1,21,"alpha",1,0.898338665912794,0.416690191938632,1.8124975056711,1.00179281929465,1855.13768736379,2977.67762626301
"msnburr",50,1,22,"mu",0,-0.509742784774721,-0.87061068017851,-0.0715835765032042,1.00217034468028,789.041181814851,1308.93131463129
"msnburr",50,1,22,"sigma",1,1.11410740027231,0.890349097030367,1.40665107276743,1.00152281563596,1095.13302053655,1310.62063680538
"msnburr",50,1,22,"alpha",1,4.21999638821795,0.970007602633236,13.5846915432184,1.00108214708507,1354.21960872297,2404.06895147006
"msnburr",50,1,23,"mu",0,-0.056616986881041,-0.408257859946906,0.324324961056684,1.00972424495407,796.73003365708,1208.83454207042
"msnburr",50,1,23,"sigma",1,0.878928045858961,0.690903269982058,1.11457510422102,1.00421630949696,1615.94376763383,1786.86197523387
"msnburr",50,1,23,"alpha",1,1.27323067439888,0.463313515117954,3.24885643698162,1.00481399464392,1173.58002759245,2021.86489240174
"msnburr",50,1,24,"mu",0,-0.467016230325181,-0.914756810859313,-0.057277334004063,1.00476122004208,747.628275784729,1261.45771247402
"msnburr",50,1,24,"sigma",1,1.02491431567265,0.807309532666955,1.28639075726345,1.00190654038663,1224.02970245687,1685.47799067241
"msnburr",50,1,24,"alpha",1,1.22837882653421,0.424251880443589,3.35235071071401,1.00247319025565,1069.26335399902,1754.37826788909
"msnburr",50,1,25,"mu",0,-0.00483227590471389,-0.330710528992683,0.322965721388439,1.00280715238588,1109.233046706,1449.93845468837
"msnburr",50,1,25,"sigma",1,0.89677856343548,0.713950743204804,1.12435521803697,1.00253200566668,1761.07620076288,2064.31701641081
"msnburr",50,1,25,"alpha",1,2.95429695804429,0.84207300399445,10.0036901207231,1.00138788653861,1585.42419051401,2342.32493131173
"msnburr",50,1,26,"mu",0,0.061665016864352,-0.380709980373946,0.539648030762847,1.00190509430884,626.116156558676,732.335881278735
"msnburr",50,1,26,"sigma",1,1.0358571624626,0.821875057863099,1.30937592888917,1.00434961628455,1361.50259108962,1465.94883749572
"msnburr",50,1,26,"alpha",1,1.88475732286657,0.477534401566771,6.35681655473384,1.00198816827379,836.241937608642,1684.33587767861
"msnburr",50,1,27,"mu",0,-0.114822906182392,-0.457282755918322,0.260406705617627,1.00361193698356,938.632751560503,1445.10707199455
"msnburr",50,1,27,"sigma",1,0.940875770544653,0.748738479223847,1.18022782608893,1.00351407398822,1803.62706977143,1770.56298215351
"msnburr",50,1,27,"alpha",1,1.37963581677332,0.508209636552028,3.20548437489204,1.0020621789442,1780.79928466705,3039.57412579842
"msnburr",50,1,28,"mu",0,0.386363190702578,-0.0747497965635406,0.845685754145718,1.00728924525883,765.174788737288,892.134621335362
"msnburr",50,1,28,"sigma",1,1.0644925494974,0.827534912936752,1.36323207668928,1.00162618919506,1510.8812610701,1655.45355808296
"msnburr",50,1,28,"alpha",1,0.778303126044682,0.293713123273937,1.82452755085242,1.00520246998199,1053.48505246457,1729.75020089509
"msnburr",50,1,29,"mu",0,-0.124672636946559,-0.407413390683701,0.15395005742659,1.00590761672559,897.670481835604,1388.39129445833
"msnburr",50,1,29,"sigma",1,0.731106057846976,0.574812259053085,0.912257071691995,1.00283145402326,1663.78174779992,2071.13691834426
"msnburr",50,1,29,"alpha",1,2.20506524439509,0.637238962770614,7.39946674238479,1.00525531663681,1150.84796252405,1606.59434961814
"msnburr",50,1,30,"mu",0,0.0718816038118297,-0.425728946666357,0.589741631703572,1.00528801039388,530.209243308017,837.368639165467
"msnburr",50,1,30,"sigma",1,1.04955877044195,0.814518002834248,1.33639620382848,1.00168072204904,1375.66806732757,1594.32155322014
"msnburr",50,1,30,"alpha",1,1.21715991914656,0.335062818399919,3.9132649372214,1.00425770828452,695.999784894282,1332.1453067833
"msnburr",50,1,31,"mu",0,-0.00495349160908192,-0.559370042781786,0.602802970655742,1.00877813238637,779.126825374979,1320.40884824362
"msnburr",50,1,31,"sigma",1,1.28863812212897,1.02044695332708,1.62842843720784,1.00311286140081,1384.76221399973,1581.35584020849
"msnburr",50,1,31,"alpha",1,1.59970366866764,0.446105455066404,4.98628404154983,1.00558076741506,954.556885559678,1976.30208375967
"msnburr",50,1,32,"mu",0,-0.0923413605484245,-0.546091463158291,0.439203323158769,1.00635612166623,736.074465627711,1141.70302839838
"msnburr",50,1,32,"sigma",1,1.13119796291681,0.899591526069862,1.41587236861146,1.00449931009768,1604.84573806179,1733.59444301178
"msnburr",50,1,32,"alpha",1,2.21445992233839,0.55757359365332,7.23472870617874,1.00491139445395,973.109842253962,1911.35501947265
"msnburr",50,1,33,"mu",0,-0.0271292573796707,-0.344505651649039,0.33775311158279,1.00190191722611,796.47017806908,1086.8266567106
"msnburr",50,1,33,"sigma",1,0.816317902794122,0.648848669166559,1.02930477728843,1.00223759590425,1755.08424059182,1962.13057329196
"msnburr",50,1,33,"alpha",1,1.43932747713405,0.480797398849816,3.52054886057089,1.00240168913673,1062.44816705236,2209.54526932395
"msnburr",50,1,34,"mu",0,0.0917583637232542,-0.36045198984062,0.536745519506595,1.00703027038225,472.261266194344,867.381019033978
"msnburr",50,1,34,"sigma",1,0.933438893722706,0.727772159129825,1.18762678449747,1.00414662638182,1420.15808854346,1157.82997801803
"msnburr",50,1,34,"alpha",1,0.771078689118765,0.261439632504251,1.90945290400074,1.00503505201849,601.98847953503,1664.19983733185
"msnburr",50,1,35,"mu",0,0.050773433675885,-0.506143057415243,0.678087138503641,1.00578723771078,571.056029946033,839.026287844802
"msnburr",50,1,35,"sigma",1,1.21945472269664,0.959993516077175,1.54690269705709,1.001417826273,1412.27738423422,1646.62165345139
"msnburr",50,1,35,"alpha",1,1.6403678584004,0.397153045412313,5.20213896639965,1.00692804331494,711.577251022621,1462.20395965465
"msnburr",50,1,36,"mu",0,0.115010177734125,-0.333452614369331,0.539900171345077,1.00243443997191,1069.51602088247,1326.95469913535
"msnburr",50,1,36,"sigma",1,1.09073700377767,0.854345444927285,1.38170268543138,1.00299692583109,1444.20136179588,1833.79362735349
"msnburr",50,1,36,"alpha",1,1.22686730505623,0.473515603678133,2.98984757831272,1.00172756838069,1556.42735240462,2259.54695621811
"msnburr",50,1,37,"mu",0,0.355660711552765,-0.306915012062904,1.02391175082728,1.02326847067386,307.964973850384,621.066285167764
"msnburr",50,1,37,"sigma",1,1.15888936305552,0.885525378768848,1.49542517203817,1.00588295492147,791.545019423669,1688.2479211436
"msnburr",50,1,37,"alpha",1,0.547590807993538,0.158765138804918,1.36789222524327,1.01811735745407,358.147260425782,819.000852509968
"msnburr",50,1,38,"mu",0,-0.0577149410700701,-0.441403504946915,0.313822122049117,1.00276861510311,959.273506394549,1451.57606400037
"msnburr",50,1,38,"sigma",1,1.00950948002134,0.801921333113734,1.25693208993389,1.00303965122235,1566.4740975856,2058.12036780654
"msnburr",50,1,38,"alpha",1,1.71529070554333,0.604538384188777,4.58892733528841,1.00263955736359,1390.87816697378,1827.39198878704
"msnburr",50,1,39,"mu",0,-0.057327321291273,-0.479448041819975,0.456900736923796,1.00336662003294,565.307537455321,784.694506583166
"msnburr",50,1,39,"sigma",1,0.942106231265046,0.748314296658413,1.18137884363869,1.00243905331149,1643.13439921254,1601.61738340521
"msnburr",50,1,39,"alpha",1,2.18931751782251,0.438931810549329,7.50439683129645,1.00283669368835,671.883348263795,1371.54783985659
"msnburr",50,1,40,"mu",0,-0.190373688702707,-0.462575039989959,0.0985536158559719,1.00148013689436,1030.73776988146,1607.79001335624
"msnburr",50,1,40,"sigma",1,0.803166649098087,0.635758322173088,1.02128487127677,1.00431405274863,1589.43223026982,1615.12664854775
"msnburr",50,1,40,"alpha",1,3.2634455137368,0.942262675456356,9.91811005329716,1.0019594618481,1790.15396928723,2516.54332060664
"msnburr",50,1,41,"mu",0,-0.26258676093034,-0.625262700879514,0.125373138092041,1.00238025150281,955.522921488081,1565.77772259122
"msnburr",50,1,41,"sigma",1,0.974935493152027,0.763398854410924,1.23349502109807,1.00265465413897,1382.71705414486,1367.02071881992
"msnburr",50,1,41,"alpha",1,2.53622317915504,0.737914774975346,7.70073337679494,1.0023964482747,1484.61379745205,2421.36280116128
"msnburr",50,1,42,"mu",0,0.135452620556907,-0.300404818563087,0.533287778041156,1.00592920775556,875.236640976703,971.76720187587
"msnburr",50,1,42,"sigma",1,1.0701032385205,0.836228474285023,1.3677399461353,1.00233235992212,1569.45530123035,1970.44585825195
"msnburr",50,1,42,"alpha",1,0.905591204595302,0.379261840526561,2.05790910150397,1.00376167272646,1451.35117806733,2415.00935795851
"msnburr",50,1,43,"mu",0,0.102510756236876,-0.274983616112879,0.565979423048433,1.00577097639325,619.9703772654,799.910034857777
"msnburr",50,1,43,"sigma",1,0.940236955044554,0.753716237701187,1.19789485056487,1.00253504991228,1462.2255483266,1218.6414183218
"msnburr",50,1,43,"alpha",1,1.78166236531313,0.469646396261282,5.68789936297884,1.00514733455069,749.436495687858,1469.06282421281
"msnburr",50,1,44,"mu",0,0.0359706219168329,-0.370874144211569,0.425236896970034,1.00776135134318,539.633034696438,1022.73813522055
"msnburr",50,1,44,"sigma",1,0.864394488352192,0.675071113707915,1.09811904933247,1.00182631556836,1259.46184025704,1803.4844894965
"msnburr",50,1,44,"alpha",1,0.899904507999138,0.307472284171444,2.50159043231141,1.00587255478431,747.708488857252,1832.5038201963
"msnburr",50,1,45,"mu",0,0.275018393744992,-0.286373753445798,0.781202326628466,1.00779216348129,456.733089119712,789.387200485115
"msnburr",50,1,45,"sigma",1,1.05785220233318,0.820480421033446,1.36673886691317,1.00144838293935,1049.58619617935,1660.17334323056
"msnburr",50,1,45,"alpha",1,0.922230250925757,0.274409188626501,2.94840035954353,1.0071464903409,546.152547906296,861.486959137321
"msnburr",50,1,46,"mu",0,-0.234837752779987,-0.555630739449719,0.127342855506375,1.00334686347668,1042.66510151607,1517.87467785285
"msnburr",50,1,46,"sigma",1,0.919143507686422,0.737704407383475,1.15293541049964,1.0030174649561,1556.30885260301,1684.08526159967
"msnburr",50,1,46,"alpha",1,2.8457575312398,0.799218958596362,8.66955607440286,1.00237607911681,1540.07459938551,2421.09337896692
"msnburr",50,1,47,"mu",0,-0.324340278368774,-0.738536990157197,0.0747592657748958,1.00526489288229,901.244433945281,1256.53440297178
"msnburr",50,1,47,"sigma",1,1.05314842765603,0.835319016113083,1.31881510903024,1.00210293383324,1320.24564213899,2053.33342568284
"msnburr",50,1,47,"alpha",1,1.88981940094829,0.620117941651809,5.65508436417738,1.00329204332761,1186.91544420054,2186.28615974044
"msnburr",50,1,48,"mu",0,-0.13153498147309,-0.481523310265779,0.232578732199527,1.00652781542464,761.161162437938,1005.7140712221
"msnburr",50,1,48,"sigma",1,0.836692388402112,0.668006626693762,1.05204766280186,1.00184920942158,1549.77283856105,1851.62124561325
"msnburr",50,1,48,"alpha",1,2.01270582781926,0.549227661390387,6.3067040569586,1.0045836839869,1015.8719097261,2081.2468439301
"msnburr",50,1,49,"mu",0,-0.208232757003251,-0.610232470625204,0.214540121736527,1.00369229364913,827.476353255445,1249.4295101789
"msnburr",50,1,49,"sigma",1,1.04497886667833,0.836160968363542,1.31054748091516,1.00063449798545,1539.17950191758,1907.78928107163
"msnburr",50,1,49,"alpha",1,1.95327466601098,0.605752580166622,5.81690554602365,1.00190849266888,1184.10448894127,2079.95209570986
"msnburr",50,1,50,"mu",0,-0.130798861952687,-0.542828617361409,0.384026713643212,1.00171658591905,691.083652459368,879.94612311552
"msnburr",50,1,50,"sigma",1,1.01451983617714,0.810583523274628,1.28202173308843,1.00232890654128,1592.85210843835,1543.86130521938
"msnburr",50,1,50,"alpha",1,2.510200106756,0.525218431288832,8.53186999005973,1.00421342886964,826.62668086674,1460.68266003723
"msnburr",50,3,1,"mu",0,0.128529096017883,-0.277349113714926,0.562178890022724,1.00268616804058,827.251171352855,1694.23436224321
"msnburr",50,3,1,"sigma",1,1.1510718688986,0.91788459854083,1.43886406399291,1.00237626504899,1631.33262116139,1819.67763187003
"msnburr",50,3,1,"alpha",3,2.8956633035933,0.772145354432766,9.40604914007196,1.00199221678782,1278.7945535549,2136.30047388045
"msnburr",50,3,2,"mu",0,0.0284093790460258,-0.416341845215023,0.472592374787623,1.00161547179098,737.166527364953,1159.19095409123
"msnburr",50,3,2,"sigma",1,1.0589084427658,0.846529384574338,1.32427238286638,1.00281321424699,1710.93873060558,1918.74019105956
"msnburr",50,3,2,"alpha",3,1.78556056704288,0.513849385889166,5.50668466937253,1.00128352422969,936.433292543545,2066.64207628705
"msnburr",50,3,3,"mu",0,-0.0407308362517931,-0.424006587177761,0.363599223840506,1.00453717453679,1197.26178477576,1261.88943423835
"msnburr",50,3,3,"sigma",1,1.07418616611483,0.855116219631606,1.36488771507966,1.00508629319901,1605.33176065263,1862.61016026142
"msnburr",50,3,3,"alpha",3,2.39603805222991,0.784740202704657,6.63661600745122,1.00259652654962,1649.89947301347,2132.37398552995
"msnburr",50,3,4,"mu",0,-0.0261803985504398,-0.37750777459504,0.343350704518565,1.00097726488245,1077.80953413984,1724.69237941981
"msnburr",50,3,4,"sigma",1,1.05951163060984,0.846990378913522,1.32489020592995,1.00166398997876,1690.4245596143,2005.28552029405
"msnburr",50,3,4,"alpha",3,3.50024919656263,0.947959934762933,10.81109015905,1.00131685773061,1547.01265167735,2640.18905932082
"msnburr",50,3,5,"mu",0,-0.046121512755221,-0.372430046486669,0.307687965533449,1.00342531666791,1140.70629541362,1417.52371525161
"msnburr",50,3,5,"sigma",1,0.946484214509715,0.758131953914941,1.18871008509207,1.00183202419288,1547.29697683159,1856.97234075562
"msnburr",50,3,5,"alpha",3,2.07984974051783,0.690611079406577,5.58241101139114,1.0020282975824,1863.44602141183,2429.48975009386
"msnburr",50,3,6,"mu",0,0.195204037486472,-0.158140798569797,0.599880772014046,1.00391241624805,911.944377435189,1295.38308253931
"msnburr",50,3,6,"sigma",1,1.02195026215792,0.820157324796038,1.26768573087362,1.0013146060067,1793.00967757209,1830.60656700578
"msnburr",50,3,6,"alpha",3,2.9736057526714,0.784337224198713,9.28915877062562,1.00221850265265,1324.60624579314,2573.16186082354
"msnburr",50,3,7,"mu",0,0.147046432107753,-0.368530618036417,0.699182314072486,1.01052956536374,517.838826395251,616.769944222124
"msnburr",50,3,7,"sigma",1,1.0088823807215,0.8017758776431,1.25949960377263,1.00605131670826,1314.83224522972,1555.46055735444
"msnburr",50,3,7,"alpha",3,1.61885211015795,0.348591880696228,6.13121770991447,1.00850535997758,636.235087584244,916.466608484916
"msnburr",50,3,8,"mu",0,0.27707106090043,-0.148731786301003,0.652686206509451,1.00547228075709,681.41590745106,1068.3369345308
"msnburr",50,3,8,"sigma",1,0.923640066824584,0.718744967482643,1.17486173937146,1.00333119367102,1121.94662233992,1719.4269677095
"msnburr",50,3,8,"alpha",3,1.38101060124026,0.453722310314861,4.11308575949137,1.00386569377436,862.778767535328,1373.99406905223
"msnburr",50,3,9,"mu",0,0.0570402485551843,-0.291704688826001,0.43900612644581,1.00338314611085,864.854140536022,1225.76202317668
"msnburr",50,3,9,"sigma",1,0.92557377030107,0.736991848064048,1.15903641373254,1.00126002822164,1615.09065314283,2105.63224950926
"msnburr",50,3,9,"alpha",3,2.38037485760789,0.668391963636788,7.09566473088481,1.00124207577927,1338.67085794353,2773.74131854764
"msnburr",50,3,10,"mu",0,0.0352458672437982,-0.330790909630194,0.444265183838867,1.00479787753458,1099.18104386504,1645.43725137693
"msnburr",50,3,10,"sigma",1,1.1285216374816,0.897315934073006,1.41216204595302,1.00187675408977,1487.91710700345,1519.00318022136
"msnburr",50,3,10,"alpha",3,4.33120611995735,1.05079689296738,14.376010133168,1.00123374907583,1664.17763852282,1996.21359104405
"msnburr",50,3,11,"mu",0,0.198130180940344,-0.181300960978911,0.633418287872276,1.00390179176194,934.055295292604,1431.2548864457
"msnburr",50,3,11,"sigma",1,1.04005814833751,0.826449192497664,1.32044837023495,1.00237237381006,1662.9385667301,1830.93134735837
"msnburr",50,3,11,"alpha",3,2.50463442580823,0.689864230956533,7.91638866382158,1.00117868831086,1266.19476290116,2087.41771529207
"msnburr",50,3,12,"mu",0,0.10772226910468,-0.25658428389787,0.483560727475886,1.00375503192388,1363.61079884529,1658.5229580123
"msnburr",50,3,12,"sigma",1,1.18805035215627,0.934669486167856,1.5133591844591,1.00216149556919,1508.49901627214,1531.45396320655
"msnburr",50,3,12,"alpha",3,6.23534202006257,1.55117296408099,19.0874985478104,1.00070889308759,2534.00494645076,3018.66942780891
"msnburr",50,3,13,"mu",0,0.113825583201585,-0.256689551398283,0.483692225309433,1.00528760590516,974.20829692221,1830.37281191826
"msnburr",50,3,13,"sigma",1,1.09472861702438,0.872376504820599,1.37125844815752,1.00483698457383,1563.24700343732,1597.20121231403
"msnburr",50,3,13,"alpha",3,3.6949041315298,0.985559148734557,11.8038334130526,1.00295464071529,1685.93293432657,2761.6877687815
"msnburr",50,3,14,"mu",0,0.108738761390029,-0.246950249439214,0.518189089823331,1.00597387393848,835.686185269419,1026.97071371682
"msnburr",50,3,14,"sigma",1,0.998222075166665,0.792703785279007,1.26669882868204,1.00105212398686,1513.72228929248,1553.48598046923
"msnburr",50,3,14,"alpha",3,2.51952435574489,0.706360036693445,7.74001240707801,1.00161928465016,1351.4408406963,2162.25378788048
"msnburr",50,3,15,"mu",0,0.0277851708197422,-0.416409388820888,0.504174856949332,1.0064940471198,862.393713628143,1434.25821049476
"msnburr",50,3,15,"sigma",1,1.25382607631497,1.00288147449064,1.57014825632541,1.00129719772296,1770.12467222195,1973.79108654665
"msnburr",50,3,15,"alpha",3,2.7471445067887,0.710367723776723,9.13935555455916,1.00586805690003,1225.27643288727,1960.25276930028
"msnburr",50,3,16,"mu",0,0.271282702010672,-0.0947936848439883,0.663381549778598,1.00601885394457,1045.9407563261,1515.33727780526
"msnburr",50,3,16,"sigma",1,1.01564034921379,0.801453606029628,1.28251977430402,1.00156817854845,1580.35604018512,2001.30831480206
"msnburr",50,3,16,"alpha",3,2.17531894366203,0.699473051205815,5.9567400046404,1.00444887324262,1316.12693126027,2378.8024190428
"msnburr",50,3,17,"mu",0,0.356616076468873,-0.00445834041036259,0.750350206032647,1.00554351526159,1159.60721845852,1687.14542764198
"msnburr",50,3,17,"sigma",1,1.0717461989454,0.849979003372167,1.35475749782937,1.00277033500108,1485.90567837629,1098.50241538224
"msnburr",50,3,17,"alpha",3,3.4478520319831,0.946722173925865,10.4280714141627,1.00199918467643,1703.69338865406,2896.22924121408
"msnburr",50,3,18,"mu",0,0.132955581011714,-0.259040959131381,0.593075389959672,1.0021741377538,921.952822846226,1118.59554962208
"msnburr",50,3,18,"sigma",1,1.11349357240409,0.888997580977243,1.40718450849648,1.00074747095465,1764.92238361312,2046.03873620019
"msnburr",50,3,18,"alpha",3,3.27074139450856,0.840609036284728,10.7545176590097,1.00097986992392,1231.57890621391,1725.72111673623
"msnburr",50,3,19,"mu",0,0.314231957151947,-0.073263461872096,0.698069125786084,1.00535608642135,698.202612262124,1271.86135269633
"msnburr",50,3,19,"sigma",1,0.914929010407135,0.717960791666842,1.14063401679065,1.00395758074532,1553.32691032902,1726.75429318984
"msnburr",50,3,19,"alpha",3,1.79228137060301,0.506573638362033,5.72193308950819,1.00391350032156,936.737450990731,1764.21854018168
"msnburr",50,3,20,"mu",0,-0.00635840164257986,-0.36482209316348,0.442343339150559,1.0089065887245,621.193735480684,882.561736073343
"msnburr",50,3,20,"sigma",1,0.905530293242383,0.725859868980032,1.1293504869144,1.00302390302836,1667.66198460762,1893.82944061581
"msnburr",50,3,20,"alpha",3,2.79399039719085,0.56509761957618,9.05974476828141,1.00767088307672,716.827027090685,1392.08833387739
"msnburr",50,3,21,"mu",0,-0.0264481362167538,-0.377143929521724,0.351494320952593,1.00788573498371,834.775014912677,1036.06247835992
"msnburr",50,3,21,"sigma",1,1.00329482024024,0.800978016777165,1.24624616525334,1.00186986446269,1652.16250179334,1721.15243501049
"msnburr",50,3,21,"alpha",3,3.44971050996697,0.877743717359455,10.9706808669093,1.00495551877981,1313.79115741543,2459.94878351062
"msnburr",50,3,22,"mu",0,0.0938440168380971,-0.279212226141241,0.513607455841881,1.00128134831806,1218.78200946063,1700.86102253079
"msnburr",50,3,22,"sigma",1,1.19599777755902,0.96051248342014,1.5083359278511,1.00465860781419,1571.42605652976,1465.79628989209
"msnburr",50,3,22,"alpha",3,4.62342974985974,1.13988586090913,14.8033594709346,1.00047480537136,1939.57976982266,2663.7691602285
"msnburr",50,3,23,"mu",0,0.17711365800445,-0.1004190164105,0.460592571772458,1.00402578064244,991.844041951249,1567.39372372651
"msnburr",50,3,23,"sigma",1,0.773391713700802,0.620074508742683,0.967387898508846,1.00265342559601,1767.30100464745,1870.86250269756
"msnburr",50,3,23,"alpha",3,3.29190234335183,0.875212026443304,10.2686609149508,1.00290946129126,1736.51936520971,2578.96134732598
"msnburr",50,3,24,"mu",0,0.101330134870321,-0.297438228325547,0.537982233182939,1.00481028651829,821.529701732475,1069.71012393303
"msnburr",50,3,24,"sigma",1,1.12463375247148,0.897933017846589,1.40117597188416,1.00117461412604,1615.25889076835,2172.63885984383
"msnburr",50,3,24,"alpha",3,3.43784022398239,0.80663395669537,11.680180933565,1.00225288551184,1272.91674694762,2463.31659916928
"msnburr",50,3,25,"mu",0,0.0797737783395005,-0.259407247261493,0.473112408052591,1.00164222806194,832.212127672758,1094.25021412028
"msnburr",50,3,25,"sigma",1,1.00075568394673,0.79802708676389,1.27083790650031,1.00263810663795,1246.72378024009,1243.42976384231
"msnburr",50,3,25,"alpha",3,2.74978811081833,0.831913621993266,8.2787769899993,1.00144498641682,1450.21481106894,2508.09701132164
"msnburr",50,3,26,"mu",0,0.35154708310298,-0.0410142289554604,0.8117716235176,1.00311485573133,905.134697329017,1184.79108226502
"msnburr",50,3,26,"sigma",1,1.0444047354388,0.832929678171684,1.31146504699307,1.00198717941958,1537.66990754915,1848.48575220379
"msnburr",50,3,26,"alpha",3,2.26280044549366,0.613323392443058,6.90433283188076,1.00128150919869,1194.39458904045,2010.55044863428
"msnburr",50,3,27,"mu",0,-0.156564909824454,-0.547265000785036,0.259358802586878,1.00593291221444,970.427238851755,1455.58729476489
"msnburr",50,3,27,"sigma",1,1.11636727329462,0.897101635193085,1.38538270164785,1.00235842959784,1790.92732902443,2061.66114169374
"msnburr",50,3,27,"alpha",3,2.66040503733824,0.768114568670119,8.19707814848284,1.0034315231954,1426.85081999904,2741.78612326279
"msnburr",50,3,28,"mu",0,0.0575770399364467,-0.199280482822014,0.323848508710901,1.00300829132555,1123.94404006737,1593.73555199322
"msnburr",50,3,28,"sigma",1,0.751398950833882,0.598166895845462,0.949488686393185,1.00411279626072,1440.34797114382,1797.77579969392
"msnburr",50,3,28,"alpha",3,2.60015353154322,0.845478056136322,7.17370313940197,1.00168678914269,1779.54602340413,2366.08643655415
"msnburr",50,3,29,"mu",0,-0.00537817369538417,-0.463145030769862,0.552270310328751,1.00788546995269,650.435565600708,672.389669184943
"msnburr",50,3,29,"sigma",1,1.10791228545682,0.882684715913402,1.38071028455655,1.00326763819436,1596.22881972469,1676.36050360743
"msnburr",50,3,29,"alpha",3,1.89239666893491,0.461436216302026,5.57015729411,1.00433039631213,860.590335452992,838.149384225437
"msnburr",50,3,30,"mu",0,0.0566497986824018,-0.303330117773832,0.46022542947227,1.006185460575,858.804768536607,1493.82972832551
"msnburr",50,3,30,"sigma",1,0.979198312555622,0.779694285464043,1.23555388754408,1.00205972507106,1467.89744833571,1524.91440234849
"msnburr",50,3,30,"alpha",3,2.88863971196438,0.713714143988895,9.20358734028589,1.00424796623681,1213.49385186723,2566.29953088863
"msnburr",50,3,31,"mu",0,0.0311624400456223,-0.447378823429201,0.522789164279138,1.00472308140772,917.504729323163,1190.31056050893
"msnburr",50,3,31,"sigma",1,1.21970986521066,0.970109695206968,1.53072143421424,1.00104554838053,1542.99707228815,1720.58314212266
"msnburr",50,3,31,"alpha",3,1.98470545597129,0.608876172431867,6.05239830994082,1.00325798064787,1398.75126053627,2223.7061525452
"msnburr",50,3,32,"mu",0,0.287175589249373,-0.103857779315205,0.647584230956368,1.00269431169303,948.664052038171,1358.66103741063
"msnburr",50,3,32,"sigma",1,0.948593451041894,0.73735403265687,1.21692592193248,1.0022122001103,1470.5731328563,1695.28701429516
"msnburr",50,3,32,"alpha",3,1.08334924851389,0.42851200079194,2.72776275904648,1.00172520887532,1366.34760535106,2352.51174046383
"msnburr",50,3,33,"mu",0,0.127003539928302,-0.212134792056809,0.499462632553996,1.003316210007,781.733364698566,1621.18091943061
"msnburr",50,3,33,"sigma",1,1.01634717620389,0.809282934213237,1.27717193761034,1.00159700442445,1446.40040173151,1489.18397433418
"msnburr",50,3,33,"alpha",3,3.80657258814921,0.974898259855063,12.1183428254457,1.00204141868799,1429.72701330276,2673.27521036902
"msnburr",50,3,34,"mu",0,-0.104292542989651,-0.435731378242633,0.282323937196963,1.00376160046354,913.154607729334,1321.58877163614
"msnburr",50,3,34,"sigma",1,0.950921228459669,0.755411885174039,1.19220585800457,1.00252926683469,1953.08144400305,1978.49251721392
"msnburr",50,3,34,"alpha",3,3.20058560789309,0.769424465592847,11.1317825504954,1.00221943779365,1214.7008933871,1976.80912539483
"msnburr",50,3,35,"mu",0,-0.0231165513884085,-0.385597622765697,0.372244985164338,1.0041374722779,1126.24728543968,1705.8723845301
"msnburr",50,3,35,"sigma",1,1.0781798783558,0.847840774577769,1.35455220049981,1.00181594016144,1490.40809176542,1587.23255721531
"msnburr",50,3,35,"alpha",3,3.06766541707462,0.884026225595519,9.42387462713405,1.00064419069467,1701.77677106323,2777.90780757889
"msnburr",50,3,36,"mu",0,0.0460171470603599,-0.252116864612315,0.408193715844103,1.00530885852761,1139.31528078603,1442.08476944372
"msnburr",50,3,36,"sigma",1,0.91860549206541,0.72506410362862,1.16364241478101,1.00505933388294,1434.63590072834,1737.94767403294
"msnburr",50,3,36,"alpha",3,4.64357650034235,1.05197005389021,14.908202440818,1.00373983360843,1713.14653702607,2415.75500918077
"msnburr",50,3,37,"mu",0,0.275606159140089,-0.0446269801442256,0.620829865204084,1.00438386432108,1386.83700155414,1769.58409550481
"msnburr",50,3,37,"sigma",1,1.02385038245031,0.81674231734219,1.28181994761867,1.00130222249881,1661.06111898455,1902.74808129966
"msnburr",50,3,37,"alpha",3,4.13415963358983,1.20775371236678,12.2642258218674,1.00062964900371,2465.31770612203,2972.46279809975
"msnburr",50,3,38,"mu",0,0.116044846620555,-0.315387632638851,0.591773827327269,1.00389160661431,661.128940772925,992.121442649415
"msnburr",50,3,38,"sigma",1,0.913750756817002,0.723382536225923,1.15856723630076,1.00408676691988,1385.82403696523,1489.56840656156
"msnburr",50,3,38,"alpha",3,1.19642270507138,0.331756607888556,3.5205466692835,1.00249383037797,796.035796785056,1389.92538495723
"msnburr",50,3,39,"mu",0,0.0529551775311892,-0.333384244220901,0.451497036186045,1.00322013318173,1266.74623743371,1616.62979387768
"msnburr",50,3,39,"sigma",1,1.14644821860749,0.908321135256931,1.45290220198963,1.0026819586352,1695.00499800421,1597.59561517065
"msnburr",50,3,39,"alpha",3,2.94049682140165,0.880312315253119,8.86996992681508,1.00109297582969,1847.97699615847,2820.79509950905
"msnburr",50,3,40,"mu",0,0.182830771229975,-0.193824547199003,0.610361054620678,1.0049147346304,872.202999886928,1515.10442203996
"msnburr",50,3,40,"sigma",1,1.02636879662914,0.820737156366284,1.29016388771498,1.00418920723469,1352.69287716193,1860.64813348589
"msnburr",50,3,40,"alpha",3,2.74206618990015,0.714961459752287,8.8121808284982,1.00249969241978,1414.13075321299,2620.65005992752
"msnburr",50,3,41,"mu",0,0.0519544919834167,-0.271542520450516,0.408114571743653,1.00527502766755,1209.08045030803,1589.6571496829
"msnburr",50,3,41,"sigma",1,1.01886486816219,0.812620633108256,1.28779148962241,1.00325009205301,1501.35533859416,1851.56760779036
"msnburr",50,3,41,"alpha",3,4.78403563127867,1.24146575083029,15.405656252133,1.00260902784761,2014.72295863183,2807.20868057932
"msnburr",50,3,42,"mu",0,0.178695833423781,-0.143852595431345,0.51511938340549,1.00343900457121,1027.23661598489,1391.54532958312
"msnburr",50,3,42,"sigma",1,0.883129568447877,0.704183825263203,1.11514616865119,1.00220098371759,1662.65486348571,1843.30524004012
"msnburr",50,3,42,"alpha",3,2.14396367224717,0.680450539863764,6.21217354357354,1.00057816371987,1516.12344054312,2251.68167527739
"msnburr",50,3,43,"mu",0,0.102564007894592,-0.280798452528125,0.541102552752524,1.0030543850233,1038.74244787307,1518.55834221143
"msnburr",50,3,43,"sigma",1,1.11772353153347,0.889650324885687,1.40721789000861,1.00533158562869,1369.7293149001,1559.33572784809
"msnburr",50,3,43,"alpha",3,4.22958854930059,0.942013771001173,14.4215750254742,1.00146932542756,1496.63747511394,2301.58117370681
"msnburr",50,3,44,"mu",0,0.216876745269815,-0.227940160781356,0.696675313989243,1.00539550495292,635.788778358055,1116.34430087333
"msnburr",50,3,44,"sigma",1,0.9898361420993,0.782115031370683,1.25291394807503,1.00324170141528,1557.6193061277,1783.77215049439
"msnburr",50,3,44,"alpha",3,1.50707419631595,0.404242714313501,4.76688287181563,1.00440381276415,775.261144299059,1400.60156225579
"msnburr",50,3,45,"mu",0,0.312092772711114,-0.0753915134611919,0.73538591808181,1.00318481385615,869.781279252757,1045.4623325673
"msnburr",50,3,45,"sigma",1,1.00026467436367,0.80201744995029,1.25043468759305,1.00353445703027,1729.6816506854,2112.81470355095
"msnburr",50,3,45,"alpha",3,2.28996967516334,0.605893859754505,7.27959507269427,1.00206578284215,1122.46327730833,2048.20476860878
"msnburr",50,3,46,"mu",0,-0.0927463109620809,-0.436487435119242,0.273478629223213,1.00551965990472,1015.85739054907,1354.05420218023
"msnburr",50,3,46,"sigma",1,0.98360847197008,0.788750189804985,1.22941197576015,1.00540581071281,1504.38334182729,1637.83837487809
"msnburr",50,3,46,"alpha",3,3.64796500313649,0.962106741029252,11.7570307157323,1.00252731382353,1663.31346857135,2384.77929837641
"msnburr",50,3,47,"mu",0,0.11634092010443,-0.24200705573269,0.52863419449185,1.00624796777655,1050.44439001972,1569.65536502291
"msnburr",50,3,47,"sigma",1,1.12652655424105,0.908880274772624,1.40866247680706,1.00469824483611,1503.96471214437,1546.22027073415
"msnburr",50,3,47,"alpha",3,3.70152538702393,0.981369379215463,11.1353111249687,1.00224887037977,1772.35725219043,2817.043215783
"msnburr",50,3,48,"mu",0,0.00205023617620766,-0.334233473298262,0.370021700661644,1.00240987081169,956.530137797011,1289.30130819695
"msnburr",50,3,48,"sigma",1,0.991197320065552,0.790550616715443,1.23933455071315,1.00136594665359,1749.87614710024,1954.48901449557
"msnburr",50,3,48,"alpha",3,3.42361747790958,0.899038272427808,10.6935468807624,1.00226883471233,1543.60068339775,2367.04395726923
"msnburr",50,3,49,"mu",0,-0.0147697946445012,-0.297077699575994,0.316118248946622,1.00305869738672,1226.32170595664,1308.01619306435
"msnburr",50,3,49,"sigma",1,0.915909551641083,0.734822488498835,1.15697423727607,1.00079150952366,1691.04197060039,1824.52645121878
"msnburr",50,3,49,"alpha",3,4.51436924518568,1.12248165666494,14.5214115409715,1.00149124731836,1684.06605370715,3104.83208813747
"msnburr",50,3,50,"mu",0,0.110917054218063,-0.289693266094178,0.551677269271968,1.00402010980198,769.451885726612,1200.51645610107
"msnburr",50,3,50,"sigma",1,1.00364061768355,0.792881200893958,1.26308509797175,1.00180332616624,1573.89681458234,1637.83211242564
"msnburr",50,3,50,"alpha",3,1.17125851810791,0.422516640671512,2.75849079069586,1.00289617032879,1146.07866600137,2194.50959317072
"msnburr",200,0.5,1,"mu",0,0.00444082167669058,-0.198085742736321,0.212448633309169,1.00383683554406,713.873912356358,1214.11625453122
"msnburr",200,0.5,1,"sigma",1,0.946047269279492,0.835796954543522,1.06764455512552,1.00355108144907,1405.77873618712,1397.19497518397
"msnburr",200,0.5,1,"alpha",0.5,0.455807233787437,0.301812359499721,0.659480908778309,1.00205969475907,1058.06626769063,2110.9276730202
"msnburr",200,0.5,2,"mu",0,-0.20989225219091,-0.492534566926575,0.0496660179484675,1.01067925337801,647.92572154419,1056.130019506
"msnburr",200,0.5,2,"sigma",1,1.12810811026507,0.989690026622198,1.26492010470054,1.00628734942718,1487.06314454812,1937.38832877829
"msnburr",200,0.5,2,"alpha",0.5,0.578480258076687,0.362647680025904,0.910225891568587,1.00811698085759,832.240343594912,1808.36479070509
"msnburr",200,0.5,3,"mu",0,0.0345614273593185,-0.172500000839403,0.248512675950816,1.00477280453545,825.289910736406,1279.20867824272
"msnburr",200,0.5,3,"sigma",1,0.917220916192662,0.815256311454701,1.0291049437543,1.00396593560227,1708.1009878157,2007.3145554415
"msnburr",200,0.5,3,"alpha",0.5,0.683032630014565,0.42381729503069,1.05285319832885,1.00244252829646,1197.31422743726,2259.28474292072
"msnburr",200,0.5,4,"mu",0,-0.03098739703036,-0.284322234903418,0.212675303598755,1.0190824589685,399.021909765289,936.024884672386
"msnburr",200,0.5,4,"sigma",1,0.978495120738664,0.861597458619918,1.10110959483455,1.00190098184467,1305.49350188395,1948.66131716028
"msnburr",200,0.5,4,"alpha",0.5,0.614011419267065,0.364851586229752,1.0048489286776,1.01178186015026,531.118845436889,1428.70823747319
"msnburr",200,0.5,5,"mu",0,0.0226323678152836,-0.200902188253228,0.24983159673903,1.00540251086772,745.52749111499,1018.92687973775
"msnburr",200,0.5,5,"sigma",1,0.993641972933185,0.877576556010902,1.11876928297539,1.00245532980414,1624.99886822343,1929.9383604844
"msnburr",200,0.5,5,"alpha",0.5,0.538495200550378,0.342407623247387,0.804425688542914,1.00350769379053,1060.82048094609,1994.32794735337
"msnburr",200,0.5,6,"mu",0,-0.0940364955058688,-0.329679790351933,0.159245894724546,1.00815143849968,721.118404557758,990.455635625629
"msnburr",200,0.5,6,"sigma",1,1.04493595581118,0.924962356743398,1.17407374082817,1.00645138510256,1519.98513270156,1742.97318629105
"msnburr",200,0.5,6,"alpha",0.5,0.745217696053914,0.457329388460232,1.17793325446539,1.00325829039047,1029.77051709456,2103.62537451895
"msnburr",200,0.5,7,"mu",0,-0.188003344926852,-0.43186289915398,0.0528400906347306,1.00854835263845,512.2908241794,988.335039467287
"msnburr",200,0.5,7,"sigma",1,1.04963704862856,0.926630773443528,1.19042561304692,1.00259514812191,1208.69604215389,1549.34200127535
"msnburr",200,0.5,7,"alpha",0.5,0.655746110184771,0.405624916616658,1.03345551563771,1.00606422594862,780.543526463126,1922.50779725618
"msnburr",200,0.5,8,"mu",0,-0.0885634595534695,-0.276503743829317,0.103803761638012,1.0008819922517,847.547300366211,1336.17931485212
"msnburr",200,0.5,8,"sigma",1,0.935197309102466,0.825536835267695,1.05573287419717,1.00242668448627,1723.59124137789,1811.10489606693
"msnburr",200,0.5,8,"alpha",0.5,0.610171250766804,0.411973787158401,0.886090524270825,1.0010490668477,1369.00530163998,2500.42696337586
"msnburr",200,0.5,9,"mu",0,0.0747788091223463,-0.134667728771031,0.278522864576387,1.00934394811225,658.96739040514,1174.63400461426
"msnburr",200,0.5,9,"sigma",1,0.916195544395307,0.805659417354117,1.03741613976631,1.0023686085553,1264.19943768335,1657.20581781964
"msnburr",200,0.5,9,"alpha",0.5,0.44105457509702,0.283502368644675,0.666400139570439,1.00509266927481,998.989665797669,2213.82219823804
"msnburr",200,0.5,10,"mu",0,-0.113495657245411,-0.334110309466911,0.112163382409281,1.01053280300736,749.284201494688,1112.34158566905
"msnburr",200,0.5,10,"sigma",1,1.04791871645942,0.928920095203899,1.18147194798245,1.00103787906666,1470.04729126903,1813.86564269603
"msnburr",200,0.5,10,"alpha",0.5,0.641558274844024,0.421283047033157,0.945890361901171,1.00551622993461,1272.3190731712,2348.90228346218
"msnburr",200,0.5,11,"mu",0,0.0469980387175531,-0.115997059160196,0.218933240091577,1.00704989535569,911.889669290105,1532.80574520116
"msnburr",200,0.5,11,"sigma",1,0.842363743807923,0.744048049829762,0.952296028238575,1.00259090816515,1777.5742434425,1775.22923832808
"msnburr",200,0.5,11,"alpha",0.5,0.643417753829108,0.432150634779992,0.924748048789005,1.00298834723627,1529.83654966029,3080.92391511326
"msnburr",200,0.5,12,"mu",0,-0.0849318205508627,-0.303840097245257,0.134936701827653,1.00122765094859,846.547648556887,1186.50396620385
"msnburr",200,0.5,12,"sigma",1,0.989401064330909,0.882811124371601,1.11618454944631,1.00504047871898,1708.86155426433,1843.06970144121
"msnburr",200,0.5,12,"alpha",0.5,0.911153132443161,0.559804286892313,1.44021872041535,1.00058029589459,1278.87819339173,2373.93860131784
"msnburr",200,0.5,13,"mu",0,-0.164616568175914,-0.371833187584717,0.062782476815222,1.00364880365473,827.728573285802,1138.74900270072
"msnburr",200,0.5,13,"sigma",1,0.959221370195755,0.854714209253142,1.07759290305691,1.00328158141943,1675.8733916629,1984.82100331629
"msnburr",200,0.5,13,"alpha",0.5,0.780196410983214,0.478364045816612,1.21616122931722,1.00247903524813,1168.34863273613,2260.09728340646
"msnburr",200,0.5,14,"mu",0,0.00324343139495077,-0.226842329142965,0.252090254341503,1.00745386924541,506.311855354533,655.455317795817
"msnburr",200,0.5,14,"sigma",1,0.974982132874978,0.859487728603911,1.10219851164072,1.00328426155003,1438.25854211258,1877.83579640281
"msnburr",200,0.5,14,"alpha",0.5,0.447522601673348,0.269818436142579,0.690727668843179,1.00643510386842,627.787822936802,929.884615104413
"msnburr",200,0.5,15,"mu",0,-0.0233204631444797,-0.234535807695706,0.183627665588406,1.00706046691448,728.203954707802,1154.44701607244
"msnburr",200,0.5,15,"sigma",1,0.924807760689444,0.81927468054699,1.04408937036852,1.00199659375122,1396.53649205934,1896.72196098024
"msnburr",200,0.5,15,"alpha",0.5,0.502777879994445,0.326427143939003,0.759775024026604,1.00545244382002,1027.85527468922,1932.96036339663
"msnburr",200,0.5,16,"mu",0,-0.304776036203789,-0.532472698450232,-0.0690373349775268,1.0068368969964,691.859185911001,1063.05889596574
"msnburr",200,0.5,16,"sigma",1,1.02501925602533,0.909163085723735,1.15587482520017,1.00087183889944,1730.49037723232,2014.21849338354
"msnburr",200,0.5,16,"alpha",0.5,1.05638226050115,0.607213850088127,1.78808945324326,1.00358959955227,1019.65172000213,1961.04708733705
"msnburr",200,0.5,17,"mu",0,0.221407711528332,0.00297650563388744,0.435453523621763,1.00584001612464,885.297249040539,1193.90201649084
"msnburr",200,0.5,17,"sigma",1,1.02114506750184,0.902842823015197,1.15262544225677,1.00366302860899,1693.27716068621,2001.33371298159
"msnburr",200,0.5,17,"alpha",0.5,0.437058562492531,0.295309968402059,0.632837458839407,1.00435781890792,1303.05647811918,2128.28466131511
"msnburr",200,0.5,18,"mu",0,0.112327592761412,-0.119107629960526,0.34253443398483,1.00763034011238,579.451423344349,820.445595613262
"msnburr",200,0.5,18,"sigma",1,0.989414693363276,0.870124643667864,1.12849684025601,1.00175501459802,1503.67071253769,1647.44373498923
"msnburr",200,0.5,18,"alpha",0.5,0.410615854454049,0.263749718751065,0.620781672397633,1.00424993858157,826.025581007808,1610.07748114224
"msnburr",200,0.5,19,"mu",0,0.0594591848242358,-0.190062205465234,0.27801624824371,1.01139044024522,744.37719852077,1014.89329696742
"msnburr",200,0.5,19,"sigma",1,1.01279836976065,0.888538505426868,1.1525579086035,1.00460796969566,1354.95611048491,1685.35791954792
"msnburr",200,0.5,19,"alpha",0.5,0.402537039786773,0.264949094088292,0.606260507671164,1.00725083152747,1050.94033452474,1621.29491555195
"msnburr",200,0.5,20,"mu",0,-0.218774482587125,-0.474885090057467,0.0284888583723956,1.00528949212308,527.599443959425,912.492595569955
"msnburr",200,0.5,20,"sigma",1,0.999152551700067,0.884672583258128,1.12468326769742,1.00311879466653,1239.23489055525,1709.70935131435
"msnburr",200,0.5,20,"alpha",0.5,0.658575736679185,0.398330338371493,1.06579427174442,1.00354676172466,753.859919993825,1619.5581151528
"msnburr",200,0.5,21,"mu",0,0.0570851204193544,-0.173369684019402,0.276764276231157,1.0052876361584,644.097034507249,960.639685847855
"msnburr",200,0.5,21,"sigma",1,0.969096050095296,0.858531459441072,1.0939975842178,1.00482428445147,1169.38281486975,1759.17736236943
"msnburr",200,0.5,21,"alpha",0.5,0.500740596516671,0.319377807459496,0.758300153846554,1.00311226925617,925.218639180836,1813.54450406942
"msnburr",200,0.5,22,"mu",0,0.19181154752567,-0.0462980903281043,0.421202218575574,1.00573685001148,531.996719170623,852.154165802845
"msnburr",200,0.5,22,"sigma",1,0.958714511203126,0.843907915765544,1.08548256988675,1.00397614437793,1368.19767320284,1600.56082857806
"msnburr",200,0.5,22,"alpha",0.5,0.338923118793688,0.215639933749935,0.508558447769177,1.00339478084094,713.689029090325,1453.15684026382
"msnburr",200,0.5,23,"mu",0,-0.0109589411771806,-0.226281920129469,0.227269048743196,1.00556286374643,763.277949886822,1149.45067504597
"msnburr",200,0.5,23,"sigma",1,1.0383980234635,0.920483461085461,1.17719495134096,1.00367488388314,1759.45781229649,1929.4142369805
"msnburr",200,0.5,23,"alpha",0.5,0.519024728279797,0.33844005205715,0.769096275064481,1.00377613512064,1167.98713274165,2535.67543829433
"msnburr",200,0.5,24,"mu",0,-0.107049763397024,-0.328680345547099,0.106854531809985,1.00774434439232,856.686903750884,1184.20376085402
"msnburr",200,0.5,24,"sigma",1,0.982601010031138,0.876288817671421,1.10402916528862,1.00303603380728,1684.18328416442,1920.07503437803
"msnburr",200,0.5,24,"alpha",0.5,0.778924496213338,0.478638000839522,1.25232857774282,1.00546290152472,1168.13878987118,2284.65312576245
"msnburr",200,0.5,25,"mu",0,0.0884447559169551,-0.163162893854999,0.340484657927703,1.00934236240361,575.146090720625,960.616348982329
"msnburr",200,0.5,25,"sigma",1,1.04212970756265,0.916602757139513,1.17947897261286,1.0020343795954,1117.05452284404,1481.49804705517
"msnburr",200,0.5,25,"alpha",0.5,0.527670648007291,0.329234864535572,0.808587019183963,1.00692886253488,793.978831842752,1530.75026994134
"msnburr",200,0.5,26,"mu",0,-0.228154044016425,-0.482804441284874,0.0128891490263295,1.00435878878607,703.843373627051,1190.03282013606
"msnburr",200,0.5,26,"sigma",1,1.07767331637689,0.95192944002421,1.21761701484855,1.00177578370017,1504.76648294483,1401.67565450173
"msnburr",200,0.5,26,"alpha",0.5,0.834011305557086,0.506312803984335,1.36993285840579,1.0030263835604,912.605766857086,1590.31060144819
"msnburr",200,0.5,27,"mu",0,-0.184023948955476,-0.388181084060056,0.0219476846047403,1.00567804764339,731.435463276875,1287.29988805222
"msnburr",200,0.5,27,"sigma",1,0.995926643126601,0.880377100773612,1.12818212787622,1.00461555469962,1403.07869894249,1511.34912173262
"msnburr",200,0.5,27,"alpha",0.5,0.679475821958073,0.447913097459395,1.00407460464841,1.00331326312981,1210.84574378215,2620.37244121385
"msnburr",200,0.5,28,"mu",0,-0.00413577057360869,-0.211939798176907,0.212644105332475,1.00572409572801,667.515916415194,1083.50587625385
"msnburr",200,0.5,28,"sigma",1,0.991224510754296,0.879538122476652,1.11514856684249,1.00061500440044,1747.03675403957,2085.46387033339
"msnburr",200,0.5,28,"alpha",0.5,0.641768703324877,0.409755069966001,0.981411400532541,1.00304878825617,1010.63020483462,1917.80473174403
"msnburr",200,0.5,29,"mu",0,0.073538349054012,-0.158021656752352,0.30713821840938,1.00827771347748,750.391254396082,1170.26953536484
"msnburr",200,0.5,29,"sigma",1,1.02541138921024,0.908220379238962,1.15955311654678,1.00254899993091,1365.12428093214,1749.63286150293
"msnburr",200,0.5,29,"alpha",0.5,0.522398614883051,0.331021961984519,0.79445939598721,1.00532796091523,1027.89397137335,2015.04059865703
"msnburr",200,0.5,30,"mu",0,-0.15826066211177,-0.351288043002887,0.0351042937639281,1.00918738228098,779.70770758734,1377.79461209772
"msnburr",200,0.5,30,"sigma",1,0.989647728852721,0.875779996770535,1.12179491140613,1.00281115809039,1693.94908046046,1822.84978413793
"msnburr",200,0.5,30,"alpha",0.5,0.604212421644166,0.41246852369669,0.874172442046605,1.00432278881444,1376.71058745731,2745.46861215773
"msnburr",200,0.5,31,"mu",0,-0.0503177984534644,-0.266071199656793,0.157444360662685,1.00719708162378,776.420821844123,1053.6095409964
"msnburr",200,0.5,31,"sigma",1,0.989778387318277,0.876081648626741,1.11458738551867,1.00126797929659,1473.87715162608,1862.27603792733
"msnburr",200,0.5,31,"alpha",0.5,0.518695409418875,0.346817350247057,0.764717307360516,1.00291181164,1117.06006807321,2219.23551827567
"msnburr",200,0.5,32,"mu",0,-0.048466895854607,-0.327513097926601,0.21901407081819,1.00386455144438,605.549293404536,1046.28777894965
"msnburr",200,0.5,32,"sigma",1,1.08665541139201,0.962705694094221,1.23035477403953,1.00284335781623,1495.20870724426,1907.70599171427
"msnburr",200,0.5,32,"alpha",0.5,0.613510171615248,0.369928540794509,0.993947541454453,1.00303618142575,791.179985538514,1649.32364010248
"msnburr",200,0.5,33,"mu",0,0.117737868377461,-0.132728322811516,0.383322012847755,1.00366067638416,659.65687961191,1113.41956120914
"msnburr",200,0.5,33,"sigma",1,1.10599760526899,0.976246148854785,1.25467454590711,1.00232222653545,1435.48852700721,1915.01199908897
"msnburr",200,0.5,33,"alpha",0.5,0.518807642542431,0.326073966459807,0.798510579820094,1.00106065341065,925.165478819858,2003.43197799241
"msnburr",200,0.5,34,"mu",0,0.242636600675114,0.0183842465402834,0.466666577405449,1.00508501932302,680.110877333671,947.213799345267
"msnburr",200,0.5,34,"sigma",1,1.04439879277542,0.922758102493522,1.19275477299464,1.00163525969686,1567.17732289478,2091.97529968912
"msnburr",200,0.5,34,"alpha",0.5,0.318909278348256,0.209948356918489,0.464785294468591,1.002956457076,987.150464503913,2227.09690723406
"msnburr",200,0.5,35,"mu",0,-0.035472931046175,-0.265882962802572,0.20000506569862,1.0074384361174,771.645505668545,1161.1285384709
"msnburr",200,0.5,35,"sigma",1,1.05318011876406,0.928627635780607,1.19513186759557,1.00218508350084,1634.69564703926,2019.06255444193
"msnburr",200,0.5,35,"alpha",0.5,0.429400404522148,0.279632063822721,0.634777363234601,1.0051812737093,1065.05303424591,1987.79322994015
"msnburr",200,0.5,36,"mu",0,-0.196186584016187,-0.408073988116878,0.000404675911814784,1.0090127426477,664.454177264604,1132.33222169913
"msnburr",200,0.5,36,"sigma",1,0.904909212321559,0.800573002579622,1.02654063426055,1.00170312812794,1469.47517790857,1706.27982766832
"msnburr",200,0.5,36,"alpha",0.5,0.858872798023567,0.522505735049961,1.39262560806935,1.0061273245697,874.849690704912,1786.49300209449
"msnburr",200,0.5,37,"mu",0,-0.151172446671074,-0.363946851673291,0.0606332699513549,1.00967768554334,619.629505148559,1145.57174792906
"msnburr",200,0.5,37,"sigma",1,0.955877719962713,0.852537389558005,1.08301733111903,1.00127446016661,1707.30694946664,1582.70142401271
"msnburr",200,0.5,37,"alpha",0.5,0.906361837495001,0.555619539253761,1.42579309073854,1.00602730547169,1032.34773115118,2242.12950432707
"msnburr",200,0.5,38,"mu",0,-0.140636856870134,-0.374682017814568,0.0900725069617034,1.00433968396075,820.963470995331,1151.42993107195
"msnburr",200,0.5,38,"sigma",1,1.02249061594022,0.905234904408123,1.15745294148077,1.0018787809532,1565.74779592164,1986.52654327675
"msnburr",200,0.5,38,"alpha",0.5,0.581230150141774,0.370035417931395,0.888299702381689,1.00297080725628,1180.76709428788,1630.80328801299
"msnburr",200,0.5,39,"mu",0,0.0539862275268716,-0.133707402184397,0.239114352186663,1.0024868819336,758.97685368973,1217.95692411828
"msnburr",200,0.5,39,"sigma",1,0.924941137273287,0.814511893062138,1.04300584183175,1.00233912315042,1505.74237198785,2087.49496206573
"msnburr",200,0.5,39,"alpha",0.5,0.373978710152576,0.25436309192776,0.539687844010623,1.00135626036809,1154.98585605863,2222.97784754715
"msnburr",200,0.5,40,"mu",0,-0.168569867923522,-0.420014932087238,0.0774852375011739,1.01161025910993,702.369595661968,1208.03375076946
"msnburr",200,0.5,40,"sigma",1,1.09155188901448,0.966950877366091,1.23336474534797,1.00542987987732,1613.88795528683,1912.29720033457
"msnburr",200,0.5,40,"alpha",0.5,0.667957240742856,0.418255049718217,1.05878044069088,1.00769108327944,1059.0030247763,2185.32574208761
"msnburr",200,0.5,41,"mu",0,-0.18513780170833,-0.431228189477221,0.0570682775412086,1.0040561411847,677.956461523571,1004.62059531994
"msnburr",200,0.5,41,"sigma",1,1.05642619212832,0.937637236396663,1.18976009737351,1.00108896933873,1455.35561983737,1741.09239937429
"msnburr",200,0.5,41,"alpha",0.5,0.712412574944103,0.439198811240186,1.1425035512159,1.00307726051918,896.971320693786,1735.77405084918
"msnburr",200,0.5,42,"mu",0,-0.123430851236679,-0.34477221957631,0.102273569831811,1.00333558610113,712.080628131669,1211.87012046822
"msnburr",200,0.5,42,"sigma",1,0.971014928509531,0.860119082735344,1.0953471634596,1.00096864757003,1441.18772219188,1686.1558475566
"msnburr",200,0.5,42,"alpha",0.5,0.557011750759948,0.352534375977749,0.86023529514045,1.00238741256721,969.652950556348,1895.91126262861
"msnburr",200,0.5,43,"mu",0,0.122408645994043,-0.0867275979783438,0.347783563283382,1.00665271267335,805.939559717033,932.348173007944
"msnburr",200,0.5,43,"sigma",1,1.00173587054942,0.886516076502293,1.13357062787324,1.00184057519809,1532.53949244392,1952.48961776631
"msnburr",200,0.5,43,"alpha",0.5,0.496996573803338,0.325154354072464,0.728940755638359,1.00532005017396,1176.55227055389,2062.95577850062
"msnburr",200,0.5,44,"mu",0,-0.0533093761898892,-0.232771450915222,0.134160832768177,1.0119520174844,755.871227774436,931.447812988306
"msnburr",200,0.5,44,"sigma",1,0.951636936925645,0.8430146672355,1.07640437973549,1.00411592441936,1601.96018700576,1917.3378718666
"msnburr",200,0.5,44,"alpha",0.5,0.520353399500449,0.362201243686098,0.734926963235943,1.00609560866334,1315.98511960587,2162.9491251585
"msnburr",200,0.5,45,"mu",0,-0.159424609942509,-0.382102528057128,0.0641457672964242,1.00697273493638,971.406161793971,1482.77128213321
"msnburr",200,0.5,45,"sigma",1,1.05104758305524,0.935627647882192,1.18634679436784,1.00165418393325,1524.42905797849,1673.40650694357
"msnburr",200,0.5,45,"alpha",0.5,0.954544500106932,0.588927632919224,1.50242077670925,1.00415481153072,1375.50447504844,2321.05236292544
"msnburr",200,0.5,46,"mu",0,-0.0649773353089757,-0.281313810829559,0.149869500205569,1.00301667776014,734.23587632419,1380.32583170592
"msnburr",200,0.5,46,"sigma",1,0.949770448819439,0.836479350430994,1.07923571549706,1.00437561487426,1300.24000790042,1334.51154533887
"msnburr",200,0.5,46,"alpha",0.5,0.520328872818701,0.338831582250557,0.789519042522304,1.00261658401173,1035.10355825111,2338.53070854711
"msnburr",200,0.5,47,"mu",0,0.094112395236679,-0.124627012582029,0.322205613199331,1.01117540111462,563.486587531649,839.188715591596
"msnburr",200,0.5,47,"sigma",1,0.951107761361541,0.835104032615151,1.08138885146445,1.00472045276382,1348.10100417116,1671.23287377917
"msnburr",200,0.5,47,"alpha",0.5,0.416668697496986,0.260865983618612,0.626208166573324,1.00668675484805,801.559381029931,1561.49452304334
"msnburr",200,0.5,48,"mu",0,0.050783903085688,-0.170978076101695,0.259644788855612,1.0076746117445,584.90595429978,1124.99618389678
"msnburr",200,0.5,48,"sigma",1,0.996969622465833,0.877821107276927,1.13286994172458,1.00264023646437,1272.30666660849,1844.70030716881
"msnburr",200,0.5,48,"alpha",0.5,0.363477260439955,0.239675005007327,0.53920764901788,1.00603978756733,831.968828133144,2089.54239102413
"msnburr",200,0.5,49,"mu",0,0.0226197635706749,-0.204984032645889,0.251456972023207,1.0012760620816,729.817644451694,1134.57266099343
"msnburr",200,0.5,49,"sigma",1,1.09772630514026,0.973312397248989,1.23670332365717,1.00153846105114,1822.41249755403,2177.28779302665
"msnburr",200,0.5,49,"alpha",0.5,0.532314274137346,0.357475029604336,0.782705455034906,1.00094506950574,1105.12496899032,2069.96898970086
"msnburr",200,0.5,50,"mu",0,-0.0937960307672963,-0.310981255143959,0.12749767158846,1.0028837900197,894.4985462253,1489.21630346646
"msnburr",200,0.5,50,"sigma",1,1.08827135765107,0.962251336626833,1.22247285782426,1.00283304802643,1566.31194004609,1718.42871069563
"msnburr",200,0.5,50,"alpha",0.5,0.733613282645815,0.481911304890875,1.08455380538062,1.00112021916523,1476.87162342494,2832.2861931814
"msnburr",200,1,1,"mu",0,-0.118865171884422,-0.352332565611183,0.113734102819392,1.00279420296271,732.843492898947,1186.08166837165
"msnburr",200,1,1,"sigma",1,1.01118936438443,0.898268097366669,1.13320693940805,1.00145406021755,1527.10913040871,1873.42900228213
"msnburr",200,1,1,"alpha",1,1.22551104570208,0.68450949153133,2.18694826632983,1.00203195481661,970.926699016522,1961.60773923112
"msnburr",200,1,2,"mu",0,-0.0105026630992109,-0.206000604984788,0.187836988413837,1.01482651241871,858.588242188448,1314.53326853895
"msnburr",200,1,2,"sigma",1,0.970479776648374,0.860611989345442,1.09344175847236,1.00334661131933,1863.35246856253,1901.75086784191
"msnburr",200,1,2,"alpha",1,1.08052697332579,0.674472661465063,1.69780741887081,1.00713888997074,1347.72928027985,2538.87135344043
"msnburr",200,1,3,"mu",0,-0.134796183441789,-0.362048832766026,0.0860545208908052,1.00290496126598,878.011250614451,1353.10974762499
"msnburr",200,1,3,"sigma",1,1.0731510780834,0.95595278597639,1.20422392452739,1.00328528489614,1595.64656570697,1809.64214358243
"msnburr",200,1,3,"alpha",1,1.02298601186812,0.6383548195112,1.63085528673814,1.00162338505136,1438.97812340217,2614.05877591044
"msnburr",200,1,4,"mu",0,0.000321479156601483,-0.230797627440391,0.238574554319122,1.00316253660628,828.648815136684,1037.47127955013
"msnburr",200,1,4,"sigma",1,1.03737419229507,0.919701677272803,1.16782900393076,1.00091424925389,1472.44215503831,1897.11795375377
"msnburr",200,1,4,"alpha",1,0.964364616367539,0.58466667337677,1.56182544108097,1.00150067458799,1197.54492753945,2066.35221696898
"msnburr",200,1,5,"mu",0,-0.0646155625848251,-0.274067521245667,0.168428673903003,1.00652117701271,726.700771922383,1029.29368225769
"msnburr",200,1,5,"sigma",1,1.06637229241909,0.952178988803087,1.19289079063054,1.00211113359329,1546.46353038884,1959.24772479333
"msnburr",200,1,5,"alpha",1,1.5072573564776,0.849012158197059,2.59697313642723,1.00270311807391,1048.20841842471,2293.34175649254
"msnburr",200,1,6,"mu",0,-0.0938144822785251,-0.335733079918789,0.142633879536389,1.00129991068799,873.402452828629,1239.0774887644
"msnburr",200,1,6,"sigma",1,1.09979096319933,0.979715110729744,1.23124259788359,1.002859921507,1629.7363914863,1673.92805573246
"msnburr",200,1,6,"alpha",1,2.05695528273116,1.02457429039713,4.45221834260124,1.00161074317285,1172.38304581537,2027.51091137269
"msnburr",200,1,7,"mu",0,0.0988647124973639,-0.112010213933599,0.312095633464877,1.00456677603299,838.407529205933,1101.18838102613
"msnburr",200,1,7,"sigma",1,0.989164431257752,0.875126042913053,1.11796422030438,1.00408023343647,1474.0067666406,1576.02774826139
"msnburr",200,1,7,"alpha",1,0.795534240000259,0.507507424959347,1.21278593752327,1.00197696104891,1404.06817680517,2335.82680607128
"msnburr",200,1,8,"mu",0,0.0967583568360077,-0.153671850035398,0.34399668846161,1.00945051523573,614.940021569693,929.690640510341
"msnburr",200,1,8,"sigma",1,1.0167903439858,0.898638224611407,1.15100186271133,1.00212124816291,1490.87590525611,1476.21621565595
"msnburr",200,1,8,"alpha",1,1.19468608760081,0.642678575851729,2.25734178716072,1.00864984078094,773.390614685761,1463.00389975548
"msnburr",200,1,9,"mu",0,-0.0785416485718927,-0.292855102571977,0.133732002260969,1.00160339602383,950.166117941262,1298.09620099387
"msnburr",200,1,9,"sigma",1,1.04339975677911,0.923981706812902,1.17670255618869,1.00303894586475,1565.85766245321,2109.03410785464
"msnburr",200,1,9,"alpha",1,1.28436273195223,0.764233483010778,2.16008418086331,1.00099462398886,1387.07869063765,2513.0152381126
"msnburr",200,1,10,"mu",0,-0.121564988445222,-0.36224894712219,0.122171218574597,1.00559772965293,681.934947768885,1164.55413974604
"msnburr",200,1,10,"sigma",1,1.01791179165775,0.908891110250724,1.14157722349784,1.00312515333541,1802.02871187916,1911.52155378229
"msnburr",200,1,10,"alpha",1,1.98156394166295,0.924486768847718,4.34868016423237,1.00303042050977,874.622269556411,1366.56244585679
"msnburr",200,1,11,"mu",0,0.0364941371450809,-0.17989782074056,0.252156167403003,1.00795132502743,1045.3983451661,1520.76759402335
"msnburr",200,1,11,"sigma",1,1.11884690977447,0.993866890611652,1.26164722943801,1.00154248222994,1857.7524442737,1859.49473767472
"msnburr",200,1,11,"alpha",1,0.956222538732855,0.627061231707326,1.45887413375507,1.00212344322966,1792.42286108194,2965.68424585188
"msnburr",200,1,12,"mu",0,0.0744258731720355,-0.140931038936465,0.278391411415755,1.00830245790022,839.30352758793,1160.95420940733
"msnburr",200,1,12,"sigma",1,0.977979985126618,0.86493422235679,1.10272009562731,1.00259171324292,1609.92766490173,2020.06556147931
"msnburr",200,1,12,"alpha",1,0.942455372458742,0.580126800879537,1.51457122902754,1.00523199493538,1221.31870488604,2552.57757294518
"msnburr",200,1,13,"mu",0,-0.0670170111565715,-0.279614663598094,0.14226080284984,1.00348634999096,935.850899848303,1354.74953428697
"msnburr",200,1,13,"sigma",1,1.04755807061618,0.933838418344365,1.18189045339047,1.00126197949437,1606.78334366255,1602.51077343783
"msnburr",200,1,13,"alpha",1,1.18788039098509,0.717380360889156,1.93097776668484,1.00118467656911,1514.02761958984,2602.34538098241
"msnburr",200,1,14,"mu",0,0.168528695317328,-0.00471377069959823,0.348496781494001,1.00367846887009,946.92941997644,1519.64511178327
"msnburr",200,1,14,"sigma",1,0.877140529610423,0.783505539520686,0.986072030371603,1.00340434005757,1587.49978438064,1805.83490019324
"msnburr",200,1,14,"alpha",1,0.946840480824913,0.598373088363698,1.49121650571914,1.00252114345301,1378.99811647255,2452.89964686162
"msnburr",200,1,15,"mu",0,0.0830404803941336,-0.143728083208825,0.302068646163716,1.00502120467244,590.861860432311,1262.73693056838
"msnburr",200,1,15,"sigma",1,0.992402439305478,0.879187038844017,1.11782581363205,1.00080006372896,1603.56394106602,1884.51082081543
"msnburr",200,1,15,"alpha",1,1.00639745166498,0.59836703442799,1.68224938369096,1.00327939120782,809.721299897466,2005.97682049773
"msnburr",200,1,16,"mu",0,0.0236707026006434,-0.179130565473939,0.219294127183233,1.00260144071706,743.651230428553,1166.53919396296
"msnburr",200,1,16,"sigma",1,0.93564767454023,0.828433116497962,1.05639483394531,1.00445652047297,1290.56520995307,1853.41483702082
"msnburr",200,1,16,"alpha",1,0.867700718263413,0.556499814364422,1.33995566066527,1.00069613159757,1181.6236090936,1947.50569988753
"msnburr",200,1,17,"mu",0,0.0802003291417322,-0.163285795121472,0.316333489139813,1.00194317304274,632.23274253786,1179.9836491193
"msnburr",200,1,17,"sigma",1,1.08203757760022,0.960971311759488,1.22582295065003,1.00292671874143,1467.51691236893,1636.17156257449
"msnburr",200,1,17,"alpha",1,0.987970995921035,0.592818372541518,1.65018518829428,1.00186267836413,969.455334516008,1700.62289425445
"msnburr",200,1,18,"mu",0,-0.107093169155893,-0.349402989464324,0.141121374857215,1.00408789229134,707.176774381368,986.674565714147
"msnburr",200,1,18,"sigma",1,1.05512313805094,0.937430824471841,1.18748961372462,1.00213864422079,1661.78474060139,1783.36999306613
"msnburr",200,1,18,"alpha",1,1.29721544773102,0.694975214962567,2.38559304380038,1.00280823580113,992.597172987026,1773.67101453215
"msnburr",200,1,19,"mu",0,-0.0491709537586403,-0.28189911679423,0.186491798402779,1.00488801057026,514.084414403955,1222.69345981536
"msnburr",200,1,19,"sigma",1,1.03042852461695,0.912903881975756,1.15715459498685,1.00200915587159,1575.61715224874,1997.89055903921
"msnburr",200,1,19,"alpha",1,1.11225214037311,0.638535397705885,1.94335053692099,1.00432420180631,726.000361444718,1548.13784953437
"msnburr",200,1,20,"mu",0,-0.151481490230021,-0.35228424646775,0.0592878454696653,1.00981974738075,769.327857617699,1048.55119074691
"msnburr",200,1,20,"sigma",1,1.00248026225882,0.894763571179772,1.12713250032052,1.00173750343785,1678.27641083655,1872.28588762602
"msnburr",200,1,20,"alpha",1,1.35391274840619,0.794014161272609,2.30368381764918,1.00663627447305,1137.81217336923,1768.68440862278
"msnburr",200,1,21,"mu",0,-0.115053122248123,-0.298158661675388,0.0698440287855261,1.00394759509631,913.557742595773,1679.26133839026
"msnburr",200,1,21,"sigma",1,0.894739879320192,0.798120891762201,1.00478350600204,1.00208835777686,1658.81123168686,1954.35518319592
"msnburr",200,1,21,"alpha",1,0.871899576590254,0.549255751737044,1.35788231031667,1.00335434816545,1354.71475317435,2496.55499336285
"msnburr",200,1,22,"mu",0,-0.256942578288059,-0.467668798968566,-0.0554849335525347,1.00363419103019,819.787370511733,1250.02908796413
"msnburr",200,1,22,"sigma",1,0.983667172262489,0.870509094340857,1.1122492237125,1.00362366103594,1627.45672135908,1630.11895817385
"msnburr",200,1,22,"alpha",1,1.53235856401616,0.851370977444056,2.83748405763632,1.00262616224223,1148.26429572115,2137.00588813313
"msnburr",200,1,23,"mu",0,0.13436426393751,-0.0593045398054676,0.317825407069977,1.00231110368406,799.113074045881,1381.3235158055
"msnburr",200,1,23,"sigma",1,0.961411469866889,0.85672938558609,1.0765156046412,1.00236912417312,1809.31048786201,2000.50506072319
"msnburr",200,1,23,"alpha",1,0.743148861418899,0.488971974799808,1.1114822982268,1.00157811333922,1192.09278998583,2456.29775348518
"msnburr",200,1,24,"mu",0,-0.108986305821469,-0.350495837644326,0.141530925097851,1.00390057270399,619.266584035184,1206.92425629507
"msnburr",200,1,24,"sigma",1,1.07672366888707,0.958083769254949,1.21181821416505,1.00320080359442,1589.58703325618,1855.58597432801
"msnburr",200,1,24,"alpha",1,1.04108035968703,0.604802174555863,1.80577476160011,1.00269947696994,869.206539574127,1712.46559262687
"msnburr",200,1,25,"mu",0,0.141058734386323,-0.0645547981055463,0.345488439611878,1.0037491637181,860.252675134294,1224.28798882987
"msnburr",200,1,25,"sigma",1,1.00797663349055,0.895224945956543,1.13639823812978,1.00103223029415,1515.59919683492,1676.35206778001
"msnburr",200,1,25,"alpha",1,0.936128095945023,0.590428038324904,1.46576294431544,1.00219963682276,1293.58926792564,2504.62108638548
"msnburr",200,1,26,"mu",0,-0.187473281473938,-0.417967114113625,0.0476568041464576,1.00265013203668,599.921916918235,1025.93407139221
"msnburr",200,1,26,"sigma",1,0.986856714344971,0.880886626915226,1.10444637197455,1.00379967333118,1669.92165091528,1832.22183148704
"msnburr",200,1,26,"alpha",1,1.54495654669721,0.796082108967067,2.89647008816403,1.00144890876161,801.1357095187,1742.53519361504
"msnburr",200,1,27,"mu",0,-0.0751943263690363,-0.286242532484341,0.139282241000805,1.0105795980706,661.288865883393,1217.44425896776
"msnburr",200,1,27,"sigma",1,1.00878507978632,0.899217763291429,1.13207065404856,1.00158081356443,1520.82826241859,1927.9578807624
"msnburr",200,1,27,"alpha",1,1.20129383219142,0.694787516574531,2.06227805312043,1.00681977072002,1014.45837720854,2073.50335924296
"msnburr",200,1,28,"mu",0,0.057305832467938,-0.176175031607069,0.298430483833476,1.00614415135297,765.806766631071,1148.48865586037
"msnburr",200,1,28,"sigma",1,1.0624855722558,0.946744175881585,1.18783011926508,1.00209979697945,1685.75020652855,1984.86807415212
"msnburr",200,1,28,"alpha",1,0.931575852146761,0.564001224453402,1.47643994094747,1.0031812320736,1053.08000911631,2000.73860844974
"msnburr",200,1,29,"mu",0,0.0236970200223032,-0.179725102281955,0.234001605914442,1.00946538053126,791.395048083238,1461.27283234765
"msnburr",200,1,29,"sigma",1,0.994448615607149,0.884244348677386,1.12114241972073,1.00305063241655,1720.74433897091,2104.73661509479
"msnburr",200,1,29,"alpha",1,0.774068577120833,0.486761026649761,1.19799330204264,1.00747166690294,1187.10335074582,2662.39674370137
"msnburr",200,1,30,"mu",0,-0.0519620179572544,-0.277709393036697,0.155442607178748,1.00442008363185,819.072799510473,1122.27981024623
"msnburr",200,1,30,"sigma",1,1.05636863063929,0.939484308131864,1.19358244580404,1.00482863458833,1692.5701143917,1711.39046545917
"msnburr",200,1,30,"alpha",1,0.789679532771563,0.516424491216846,1.21671007208922,1.0034096541645,1251.73570637767,2533.77604386218
"msnburr",200,1,31,"mu",0,-0.0961426855070764,-0.363221810853126,0.163730790763419,1.00625998242673,522.67653212822,1023.64537676026
"msnburr",200,1,31,"sigma",1,1.1032509511234,0.984166997590105,1.23391123943063,1.00099285606332,1604.69051532234,1880.39209636739
"msnburr",200,1,31,"alpha",1,1.47759760655897,0.740898028566185,2.95455622110369,1.00423954356067,679.542663470803,1653.02335191046
"msnburr",200,1,32,"mu",0,0.0133130791143271,-0.221996059308575,0.249071201703028,1.00526689373465,723.796242054431,1228.72706876661
"msnburr",200,1,32,"sigma",1,1.02224477671162,0.912498800574566,1.15009328768369,1.00319994686879,1445.16264724428,1906.46224294073
"msnburr",200,1,32,"alpha",1,1.10625540611583,0.633093560123392,1.9133850062517,1.00405330266458,1004.87208548427,2194.18192562397
"msnburr",200,1,33,"mu",0,0.224994818120472,-0.0118916689659283,0.447270550311002,1.00424455800519,605.392642805008,1041.16457566127
"msnburr",200,1,33,"sigma",1,0.986765513499027,0.877654391139548,1.1129322389806,1.00134472544292,1612.97970133812,2042.13208332639
"msnburr",200,1,33,"alpha",1,0.674661937534333,0.419870090391138,1.05658406215395,1.00286073702633,854.605900640473,1732.90425924378
"msnburr",200,1,34,"mu",0,0.00153791201915224,-0.224672622860211,0.223998578997586,1.00227862137422,739.761421034586,890.649853989255
"msnburr",200,1,34,"sigma",1,1.01147146193841,0.901989074298939,1.1351200274654,1.0023351628453,1627.43666587761,1826.09200197162
"msnburr",200,1,34,"alpha",1,1.62962066967055,0.862890522503158,3.05876977167618,1.0013351257318,1078.65988027936,1575.08536715996
"msnburr",200,1,35,"mu",0,-0.0301471803770484,-0.218233600366641,0.161701166300793,1.00388404272217,970.094798453736,1431.17299482864
"msnburr",200,1,35,"sigma",1,0.974002030142212,0.870923655723877,1.09389627497402,1.00460144454974,1818.93508609766,1895.91158615804
"msnburr",200,1,35,"alpha",1,1.14912822275739,0.715816781366518,1.80323110727055,1.00226815131293,1617.3424705275,2801.07535657795
"msnburr",200,1,36,"mu",0,-0.106289518813109,-0.323198523698722,0.123263497765898,1.00551321148395,592.627881748794,1198.25994348694
"msnburr",200,1,36,"sigma",1,1.01050377393684,0.902014032619903,1.12506175919365,1.00065045936959,2023.46548255878,2086.12608856991
"msnburr",200,1,36,"alpha",1,2.53182689075848,1.13403235467017,5.81877375013522,1.004479222928,872.301665053241,1849.23554995234
"msnburr",200,1,37,"mu",0,-0.120037270589148,-0.362096948105916,0.127023950087004,1.00615860281237,680.147938841193,1003.56681497675
"msnburr",200,1,37,"sigma",1,1.07168273931877,0.952172638352588,1.19825986671545,1.00295512631722,1766.86662015287,1981.60075923286
"msnburr",200,1,37,"alpha",1,1.37325031270739,0.740250366140864,2.51793557846264,1.00411056753296,926.55827960669,2106.95058446915
"msnburr",200,1,38,"mu",0,-0.0842136708556329,-0.285441163684957,0.112340581950733,1.00270561211733,864.456850198399,1074.56811316455
"msnburr",200,1,38,"sigma",1,0.999097828866553,0.880816256854882,1.124332604221,1.00186710951758,1699.84899414925,2045.88036263879
"msnburr",200,1,38,"alpha",1,1.17909472775271,0.730375983724587,1.89581499923455,1.00215251699264,1384.86328236602,2382.41974225015
"msnburr",200,1,39,"mu",0,-0.326230393560866,-0.522587809974226,-0.116628353845464,1.00656029034138,888.852280364976,1434.99647069945
"msnburr",200,1,39,"sigma",1,0.996824198658454,0.887123540113801,1.11656796025244,1.00287170387201,1596.26253088117,1818.40402923556
"msnburr",200,1,39,"alpha",1,2.16258488803753,1.09780499286486,4.30634693280901,1.00255529161603,1379.25857131593,2486.80463181482
"msnburr",200,1,40,"mu",0,0.209937637734858,-0.0283507626542635,0.455149813160822,1.0031688593526,843.641270421295,1061.97385464897
"msnburr",200,1,40,"sigma",1,1.16209949757036,1.03213874714435,1.30717659294875,1.00292490015514,1748.18244868398,1995.58867986756
"msnburr",200,1,40,"alpha",1,0.960883402082398,0.59670072951708,1.52900783440606,1.00139881220902,1286.23499771139,2305.48289786604
"msnburr",200,1,41,"mu",0,-0.110845044542109,-0.322987743246484,0.117278193863505,1.00569635369979,767.354968953584,1178.29639681238
"msnburr",200,1,41,"sigma",1,0.948866525836007,0.846125081860043,1.06062170420501,1.00129651122087,1659.75225689484,1807.97425328375
"msnburr",200,1,41,"alpha",1,1.31923307026428,0.729215476094156,2.32462232967077,1.00482840325811,1050.68595609376,1938.99047831634
"msnburr",200,1,42,"mu",0,-0.152540727690565,-0.352282137043274,0.053616877969122,1.00835491714857,841.841620419769,1368.03007478367
"msnburr",200,1,42,"sigma",1,0.973487357490977,0.867814713309514,1.09861887471599,1.00206466624877,1508.15442222281,1678.5888148532
"msnburr",200,1,42,"alpha",1,1.02349096690562,0.638482399179406,1.58027498423483,1.0038131840694,1317.45569641155,2990.63636386317
"msnburr",200,1,43,"mu",0,0.0114473019297146,-0.21031816328124,0.230915635317365,1.00511816603483,753.489059336141,1194.76370088359
"msnburr",200,1,43,"sigma",1,1.03362438221324,0.921638492645585,1.16628790542299,1.00480656937785,1293.05633684802,1300.9527187385
"msnburr",200,1,43,"alpha",1,0.804982917594979,0.510322908049463,1.24700860089477,1.00319507072952,1112.67591333003,2247.80415969211
"msnburr",200,1,44,"mu",0,0.118533699600035,-0.118601047142861,0.35941981294513,1.00159758837397,713.548705214973,1109.95422939432
"msnburr",200,1,44,"sigma",1,1.05421610712096,0.935959382743836,1.18663134665619,1.00229393250828,1543.0807773386,1799.47079752231
"msnburr",200,1,44,"alpha",1,0.841788166127504,0.512285127516982,1.36218744091861,1.00113250150755,956.496056022885,1988.31018254355
"msnburr",200,1,45,"mu",0,0.00714974988611934,-0.258008596827897,0.273971422934038,1.00506718499488,590.440994302338,717.981123800859
"msnburr",200,1,45,"sigma",1,1.07544427094984,0.953981822705186,1.20826873785118,1.00329930053928,1670.5986652448,1795.46106381314
"msnburr",200,1,45,"alpha",1,0.841405867476959,0.484482907196838,1.44036352332433,1.00265387414411,836.708065236887,1450.08849557013
"msnburr",200,1,46,"mu",0,-0.180024561072258,-0.349384395260942,-0.00797992804685429,1.00591463742124,851.366621409461,1224.66731653341
"msnburr",200,1,46,"sigma",1,0.901474510568617,0.807215395065054,1.00225941090853,1.0029669443508,1570.77640207892,1878.22586796791
"msnburr",200,1,46,"alpha",1,3.06494058234127,1.38867059127112,6.77135232951851,1.00285346836939,1273.61546609493,1901.33848120562
"msnburr",200,1,47,"mu",0,0.0212013734453611,-0.191822004276423,0.229978642189149,1.00323593848148,825.527413679048,1424.64455381042
"msnburr",200,1,47,"sigma",1,1.02670092114903,0.910416320375135,1.16003920434481,1.00371376035481,1676.88694681872,1919.49559199681
"msnburr",200,1,47,"alpha",1,0.97432647999132,0.60087350820996,1.53250959373011,1.00135715029504,1219.26550573043,2459.08353685861
"msnburr",200,1,48,"mu",0,-0.0930627305034396,-0.335104558843408,0.127568354812807,1.00270550889891,741.4045987783,1121.91536847207
"msnburr",200,1,48,"sigma",1,0.985949975565902,0.872716491664305,1.1063859812199,1.00354121565826,1523.50979900228,1747.78277723966
"msnburr",200,1,48,"alpha",1,1.41775122865973,0.755810862073007,2.68719829760668,1.00193452868961,984.584587922238,1606.4222098207
"msnburr",200,1,49,"mu",0,-0.0838524551996308,-0.287594623279764,0.108484889086547,1.00575493544451,844.328854416084,1268.76953325178
"msnburr",200,1,49,"sigma",1,0.945614928836205,0.838487778379555,1.06219129802481,1.0027272361857,1463.11400451521,1272.32374085323
"msnburr",200,1,49,"alpha",1,1.18683969673341,0.705508759513256,2.02004776791415,1.0033951714954,1189.02884759929,2501.48884212771
"msnburr",200,1,50,"mu",0,-0.124097119795292,-0.350568937331276,0.106364515323294,1.00914112505586,677.802483408467,1107.28328613417
"msnburr",200,1,50,"sigma",1,1.00098522371472,0.893015496396676,1.12635514566401,1.00248536796122,1810.59107632708,2007.46994908661
"msnburr",200,1,50,"alpha",1,1.21724546341189,0.676842165108224,2.11354326967937,1.00543817240868,993.637992297077,2098.36811246201
"msnburr",200,3,1,"mu",0,0.345434403235954,0.144872070346765,0.546873177175966,1.00184632878398,904.558701742711,1321.94203573924
"msnburr",200,3,1,"sigma",1,0.987014108004423,0.878840323976289,1.1063408540766,1.00070609887234,1847.06170929572,2025.02431679589
"msnburr",200,3,1,"alpha",3,1.67669558737692,0.912247485398916,3.10759112623133,1.00103235383581,1351.03943887379,2563.3518735423
"msnburr",200,3,2,"mu",0,-0.0303257381465359,-0.187845046893827,0.145136361588243,1.00295084760834,727.078139489484,1394.72871720752
"msnburr",200,3,2,"sigma",1,0.86499894774424,0.778631860890521,0.96426686087081,1.00168126900418,1706.97915415721,1791.35602796985
"msnburr",200,3,2,"alpha",3,4.0276325481528,1.62312267653619,9.97126346220733,1.00150233217274,1284.24325747817,2495.39386664336
"msnburr",200,3,3,"mu",0,-0.0229367225899354,-0.276827391021171,0.230491273796208,1.00594328857182,794.242172392173,1385.53388573009
"msnburr",200,3,3,"sigma",1,1.17894455549555,1.05012247697502,1.32706328906152,1.0013004266917,1742.71827144946,1902.57322754864
"msnburr",200,3,3,"alpha",3,2.63661650325105,1.15424906097077,6.17689402794581,1.00277887656467,1016.22658277113,2032.23433179156
"msnburr",200,3,4,"mu",0,0.0569098093641148,-0.0929141879294205,0.215350803136824,1.00621587977056,963.995118885961,1301.89755589353
"msnburr",200,3,4,"sigma",1,0.832689348071381,0.746081691817943,0.934103376539893,1.00051227223287,1811.96296499273,2055.23910701232
"msnburr",200,3,4,"alpha",3,4.38026751875824,1.70631242893553,11.6658308603853,1.00427910005381,1417.23487564941,2175.98522762279
"msnburr",200,3,5,"mu",0,-0.0915068049273368,-0.259338785363375,0.0701404911204604,1.00213664011186,961.9478039068,1149.29067270541
"msnburr",200,3,5,"sigma",1,0.894054322933897,0.802302154420654,1.00339389283977,1.00162350074134,1522.52586214818,1815.34206549271
"msnburr",200,3,5,"alpha",3,3.34239318515372,1.52853772093253,7.66288451169981,1.00080436202823,1404.99148727456,2093.97156801631
"msnburr",200,3,6,"mu",0,0.107912634857355,-0.121890153299554,0.337301983579774,1.0050429099608,770.481043091072,1170.604458836
"msnburr",200,3,6,"sigma",1,1.01376972735645,0.911882760184906,1.13817781647036,1.00192523932232,1501.81530384678,1967.53634259653
"msnburr",200,3,6,"alpha",3,2.08916315293362,0.976785579964016,4.52485199521839,1.00250706230369,1050.07339031967,1941.3549978
"msnburr",200,3,7,"mu",0,0.0155833856772599,-0.207388730940037,0.239574906624335,1.00919291028713,561.115933467146,976.983799782891
"msnburr",200,3,7,"sigma",1,0.961459359486662,0.856313927329792,1.07785154935287,1.00135366018127,1588.33758224513,1650.52175681264
"msnburr",200,3,7,"alpha",3,2.0073553382582,0.932491871888621,4.43946006748465,1.00722974605207,757.114353119097,1742.57631739239
"msnburr",200,3,8,"mu",0,-0.223722152735913,-0.378027019894751,-0.0532188042350014,1.00359857412914,999.402408188511,1306.10251847952
"msnburr",200,3,8,"sigma",1,0.924796250166371,0.830502189483738,1.03982762207453,1.00393732284602,1594.80082168114,1958.50708901396
"msnburr",200,3,8,"alpha",3,4.21682537800581,1.8048092687561,9.85339232417942,1.00045555904021,1493.18238845769,2425.01006128923
"msnburr",200,3,9,"mu",0,-0.122625950289921,-0.282721818060766,0.0430419685651658,1.00701124489214,1040.92698229986,1646.15920886881
"msnburr",200,3,9,"sigma",1,0.92564165149877,0.826301671053456,1.03931526980889,1.00108112325228,1489.6188020889,1926.66701559048
"msnburr",200,3,9,"alpha",3,4.20833481418003,1.75839415044819,10.3520877469582,1.00430964187646,1555.82871167093,2964.58357851134
"msnburr",200,3,10,"mu",0,0.0184179327839346,-0.183597631360589,0.24312007157626,1.0026788920348,682.844196091348,1222.78848904835
"msnburr",200,3,10,"sigma",1,1.03000123319875,0.916096562238862,1.15334160814014,1.00141587301284,1557.29846450273,1667.18384284806
"msnburr",200,3,10,"alpha",3,3.59964181028582,1.41125719936228,9.0098066110844,1.001374346135,971.213508314352,2064.85262579098
"msnburr",200,3,11,"mu",0,-0.104322078358079,-0.26389512436106,0.0633536336957019,1.00312182137117,833.120063569454,1571.19932774365
"msnburr",200,3,11,"sigma",1,0.933568391718582,0.837901060678023,1.04075845869097,1.00221370415613,1628.48915698343,1968.22870969898
"msnburr",200,3,11,"alpha",3,6.58411569637944,2.12356678426051,18.6624648742326,1.00198177745479,1430.86637542145,2129.83710198139
"msnburr",200,3,12,"mu",0,0.283077696477093,0.053053984114965,0.497476596872168,1.00369312856074,773.700799058533,1180.66944962635
"msnburr",200,3,12,"sigma",1,0.983578321050289,0.876068052646145,1.09949055998999,1.00362954949617,1581.07613020984,1905.47801654407
"msnburr",200,3,12,"alpha",3,1.95215641686909,0.948287506576622,4.23818425541984,1.00256920680857,1017.25187465536,1545.94862614697
"msnburr",200,3,13,"mu",0,-0.0552664096209529,-0.236152135975943,0.13845770635173,1.00781060350421,866.186613055191,1241.4415790099
"msnburr",200,3,13,"sigma",1,1.00347668067987,0.891459992826752,1.11991795121249,1.00309176989452,1436.78407743709,1983.33162056225
"msnburr",200,3,13,"alpha",3,3.6584434984978,1.54372915095376,8.96531017401509,1.00525131999225,1315.06012740032,2604.62133250169
"msnburr",200,3,14,"mu",0,-0.0105863847056939,-0.224158495010911,0.213897504630191,1.00481499241133,777.812722703911,1295.09123444024
"msnburr",200,3,14,"sigma",1,1.04217934042756,0.930446546248405,1.17027571630266,1.0043223213813,1593.8787783978,1885.53678166876
"msnburr",200,3,14,"alpha",3,3.4343990140782,1.35572717312984,9.0386872980425,1.00507059600719,1117.41258538269,1873.74618051119
"msnburr",200,3,15,"mu",0,-0.0551368070112493,-0.275672365147378,0.160737486332606,1.00414110387476,576.981424920387,1175.55738123552
"msnburr",200,3,15,"sigma",1,0.984424592572688,0.87763692596463,1.10523604112405,1.00458349335605,1600.48796598754,1779.96763749586
"msnburr",200,3,15,"alpha",3,2.02206388332023,0.958259461339915,4.28899631505339,1.00336053045281,753.053359929001,1995.57341627708
"msnburr",200,3,16,"mu",0,0.123024692485887,-0.109701254631562,0.368657796414706,1.00203703544258,867.880945617884,1188.84468951218
"msnburr",200,3,16,"sigma",1,1.14270900456376,1.02307978211234,1.27421978349935,1.00270034151291,1696.07800301501,2041.12796991351
"msnburr",200,3,16,"alpha",3,2.71094942790257,1.19898412308218,6.27985311865316,1.0012325645672,1229.0526189343,2313.37730229681
"msnburr",200,3,17,"mu",0,0.0637830099927406,-0.131457751887393,0.279397135963255,1.00446241651795,687.812165847931,1082.60986929514
"msnburr",200,3,17,"sigma",1,1.04982174006002,0.941113532024003,1.17642442093839,1.00357200553244,1948.03169749919,2092.40913207188
"msnburr",200,3,17,"alpha",3,4.68878835910981,1.70871151848319,12.4849297781622,1.00231381795198,930.803714833494,2279.09107133948
"msnburr",200,3,18,"mu",0,-0.0488000599937645,-0.249427338082593,0.167398478025134,1.00320813643442,860.015729103542,1155.10872861031
"msnburr",200,3,18,"sigma",1,1.07080527220197,0.96401710466428,1.19058658168512,1.00458459436928,1692.22510966634,2143.18714915797
"msnburr",200,3,18,"alpha",3,4.14135259450895,1.58041356547952,10.4667056178875,1.00213990957377,1148.6169589462,2493.51307555789
"msnburr",200,3,19,"mu",0,0.00877677433504841,-0.166551168353364,0.196019696506333,1.00273912580284,808.779788069924,1229.60609798151
"msnburr",200,3,19,"sigma",1,0.939856758305813,0.842873145387255,1.05032556800055,1.00074401684095,1645.94741202144,1730.57551256704
"msnburr",200,3,19,"alpha",3,3.89806885473999,1.61186721700727,9.41860714813071,1.00215720352664,1115.5016145012,2552.62151480902
"msnburr",200,3,20,"mu",0,0.00597872222353867,-0.205617114498082,0.230974081393832,1.00709199435601,604.350481098304,1131.71084766204
"msnburr",200,3,20,"sigma",1,0.954254745991615,0.847055994193425,1.0708808815786,1.00411265643507,1382.46939339036,1655.30933912421
"msnburr",200,3,20,"alpha",3,1.87500781487404,0.885220344231149,4.07629505937029,1.00520431223692,782.910094324449,1543.70683521084
"msnburr",200,3,21,"mu",0,-0.0672545381789901,-0.243065801606138,0.128329118596401,1.00546444052155,834.211275963146,1329.59336398888
"msnburr",200,3,21,"sigma",1,0.994556884162201,0.886874272065224,1.11091946182487,1.00311537825917,1669.68885911077,1967.87658828683
"msnburr",200,3,21,"alpha",3,5.23219188621475,1.81757692063791,14.3696685626455,1.00203876004703,1356.15259364316,2470.40171669531
"msnburr",200,3,22,"mu",0,-0.0232023774338169,-0.195761348959387,0.158281511388728,1.0016183922029,820.512597665827,1335.56949906846
"msnburr",200,3,22,"sigma",1,0.994580287415991,0.886600682208839,1.11650969181747,1.00107952971947,1695.37565170851,1849.15778052722
"msnburr",200,3,22,"alpha",3,4.68410950382259,1.85242510917524,11.6615238000811,1.00073026925837,1128.82089380242,2379.61004797679
"msnburr",200,3,23,"mu",0,-0.0390333442007782,-0.232927909584427,0.159864900771721,1.00258759135491,846.101024604552,1346.94376056324
"msnburr",200,3,23,"sigma",1,1.01605018731922,0.908454917948222,1.13365955456641,1.00259055363308,1738.49267673458,1467.00871464223
"msnburr",200,3,23,"alpha",3,2.33304074832198,1.17685789764284,4.72569518315494,1.00153749946221,1223.9800409512,2145.19722662712
"msnburr",200,3,24,"mu",0,-0.00048447661358349,-0.169311385268364,0.187925213793655,1.00945237993904,684.247258222325,1047.07614577342
"msnburr",200,3,24,"sigma",1,0.917498554481092,0.821741605932315,1.02047289752624,1.00120639364783,1995.98868300936,2054.71040721632
"msnburr",200,3,24,"alpha",3,3.94399317496688,1.55807594326287,9.78192606675441,1.00575871774643,1157.0058590319,2138.89340763156
"msnburr",200,3,25,"mu",0,-0.0963529722700086,-0.282599731474831,0.099283205289471,1.00528672952527,854.770076936271,1273.16823830195
"msnburr",200,3,25,"sigma",1,0.987035262590194,0.88590769838271,1.10546881341182,1.00308461584216,1780.97780732765,1767.16487006259
"msnburr",200,3,25,"alpha",3,4.62951266048434,1.6734348087255,12.2487207031856,1.00303247841376,1262.72394262718,2544.68257521502
"msnburr",200,3,26,"mu",0,-0.0226836640129122,-0.211913502484881,0.17357925062493,1.00282638390246,693.833011609899,785.030836995916
"msnburr",200,3,26,"sigma",1,0.896283742816762,0.80086250641173,1.00230819518422,1.0050378739289,1565.20727372685,1457.43594504928
"msnburr",200,3,26,"alpha",3,3.71833694799163,1.46001138243365,9.91579244927745,1.00190580692976,978.52723036952,1323.55393874349
"msnburr",200,3,27,"mu",0,-0.0263880547159127,-0.20912703353701,0.183797566198667,1.00162661373643,876.090412039342,1072.95950389142
"msnburr",200,3,27,"sigma",1,1.05820779726812,0.947445305555652,1.183572145084,1.00470690760679,1832.33233133977,2089.15906880018
"msnburr",200,3,27,"alpha",3,5.20313380768182,1.8358250421552,14.5407185919128,1.00137600714311,1403.0833845456,2233.61607392743
"msnburr",200,3,28,"mu",0,-0.0379841876318437,-0.236151864088221,0.156671826851351,1.00313389419264,855.161756274828,1088.21219753498
"msnburr",200,3,28,"sigma",1,1.07324364055134,0.964292089956593,1.19543686074959,1.00252989967323,1606.31611944451,1933.23143945203
"msnburr",200,3,28,"alpha",3,4.53605149604842,1.77483235865915,11.7939647307112,1.00194503290872,1432.69844234576,2301.50859155604
"msnburr",200,3,29,"mu",0,0.02583544880478,-0.176693661926912,0.239653441411539,1.01004831157898,727.330388605037,1280.07191037507
"msnburr",200,3,29,"sigma",1,0.966002098101846,0.861100959430687,1.08557704543417,1.00061136427561,1624.85451601488,2089.86920215069
"msnburr",200,3,29,"alpha",3,2.08274728593458,1.03206421837394,4.19488325645543,1.00421797702949,1086.42442717154,2074.50687928295
"msnburr",200,3,30,"mu",0,-0.00915262486845597,-0.185743933715346,0.184423655256723,1.00334353522334,943.057086979904,1369.99066617113
"msnburr",200,3,30,"sigma",1,0.994090896056882,0.888510600874196,1.11661918373196,1.00363945382111,1686.24870019848,1907.96118714563
"msnburr",200,3,30,"alpha",3,3.84458190867746,1.6146649964457,8.89886575734755,1.00151206152665,1507.41873246639,2386.80208877173
"msnburr",200,3,31,"mu",0,0.0593641675206759,-0.165958343411062,0.289635138385649,1.00624374542147,640.740097848617,1078.5809625388
"msnburr",200,3,31,"sigma",1,1.02124079378115,0.914512067284152,1.13938788817935,1.00138391194923,1575.71595167898,1642.16000655008
"msnburr",200,3,31,"alpha",3,2.18525830931233,1.0283596365326,4.69108156539176,1.00366622973249,912.866643296084,2072.55229731668
"msnburr",200,3,32,"mu",0,0.0855533279301305,-0.105264621147675,0.281660533776737,1.00463727592049,812.37917488447,1214.69964285229
"msnburr",200,3,32,"sigma",1,0.960565720723741,0.861317666720232,1.07689964638768,1.00083878592177,1593.1994679602,2044.26690167981
"msnburr",200,3,32,"alpha",3,2.56360618659297,1.21238637705086,5.34770586571737,1.00303664733155,1186.20551647655,2374.05859446654
"msnburr",200,3,33,"mu",0,-0.0388796000452452,-0.229134543426724,0.163009280840098,1.00473095883709,1101.37508957563,1420.89786722724
"msnburr",200,3,33,"sigma",1,1.11673513534237,0.994745689386796,1.25129613151148,1.00338970499223,1552.26700785694,1954.09996052352
"msnburr",200,3,33,"alpha",3,3.48800399756532,1.59909573837813,7.59000940168383,1.00254216643296,1678.5771437198,2821.30749435963
"msnburr",200,3,34,"mu",0,-0.137032663119354,-0.311059114900586,0.0434218421814391,1.0039550176971,816.035150279457,1144.30591427071
"msnburr",200,3,34,"sigma",1,0.878660660113843,0.785355766817855,0.983454203173092,1.00466022995935,1592.83702377214,1655.4880323959
"msnburr",200,3,34,"alpha",3,3.2159332964719,1.39202402813501,8.0401069438969,1.00549596327939,1182.05339537022,2117.70693577924
"msnburr",200,3,35,"mu",0,0.17964660647151,-0.0522230502331509,0.416259664811298,1.01257989524241,632.8062340893,1097.51321842663
"msnburr",200,3,35,"sigma",1,1.07711089595601,0.960999437653394,1.20920108339125,1.00096250710212,1657.33254297887,1803.57774735834
"msnburr",200,3,35,"alpha",3,2.26790110612849,1.10552403390467,4.7167657633978,1.00790586378628,858.920005464246,1843.55639628145
"msnburr",200,3,36,"mu",0,-0.17938524495954,-0.339767882762348,0.00561649175345577,1.00500547954443,1225.47005532427,1264.08642242989
"msnburr",200,3,36,"sigma",1,1.02814301897123,0.919772280409952,1.15413087926943,1.0042344789515,1634.40367232422,1785.3343839559
"msnburr",200,3,36,"alpha",3,6.88507621563781,2.45217610849022,18.5536807212924,1.00274445963489,2030.09346792361,2859.24694170451
"msnburr",200,3,37,"mu",0,0.0423270993843851,-0.155870194602687,0.231866985894347,1.00341651366351,857.753152495126,1194.7179330015
"msnburr",200,3,37,"sigma",1,0.956842802683623,0.853081366388187,1.07335883362716,1.00300504839108,1595.06563332562,1973.76811631025
"msnburr",200,3,37,"alpha",3,2.06446413036943,1.06229250910355,4.20176710666949,1.00162416201074,1166.32533358575,1855.87175842517
"msnburr",200,3,38,"mu",0,0.028130539440098,-0.176313400267165,0.2459710459668,1.00657436220357,778.353113993006,1052.62377778303
"msnburr",200,3,38,"sigma",1,1.05748612192497,0.948086481197355,1.17898833566141,1.00344677352724,1857.81917758703,2124.30335220031
"msnburr",200,3,38,"alpha",3,3.05544623119106,1.36614117282478,7.08656307101362,1.00545799215696,1011.23629314311,1895.799936499
"msnburr",200,3,39,"mu",0,-0.0368165901546665,-0.225308739735032,0.157721951004377,1.00356318236301,945.5296704271,1354.97658810346
"msnburr",200,3,39,"sigma",1,0.971503002753011,0.868552965774853,1.09085043274289,1.00370627383732,1776.01241033824,2107.44332248389
"msnburr",200,3,39,"alpha",3,3.98755399723363,1.61945291429498,10.1791695877472,1.00348367871787,1310.26303919329,2165.72727075303
"msnburr",200,3,40,"mu",0,0.0490340763002397,-0.132848881455059,0.260326922879623,1.00334350965765,778.267731687573,1243.3106614184
"msnburr",200,3,40,"sigma",1,1.01108618380956,0.902452051271763,1.12464402833598,1.00270994577901,1770.18826097473,2065.23961052131
"msnburr",200,3,40,"alpha",3,3.94186101653121,1.56948479133667,10.2099569196457,1.00042714760144,1172.10884106963,2003.76198990735
"msnburr",200,3,41,"mu",0,0.0305534839342049,-0.139787719310076,0.222205373155387,1.00289186471316,1021.11852796941,1349.12897237937
"msnburr",200,3,41,"sigma",1,0.982210423433236,0.87819113750078,1.10108752680872,1.00427932141084,1582.79400631414,1586.40710150657
"msnburr",200,3,41,"alpha",3,4.50740138822586,1.76861569659307,11.2576069599146,1.00124206576953,1542.27397948169,2729.15427947412
"msnburr",200,3,42,"mu",0,-0.0922395909293561,-0.283558014101294,0.123041678314291,1.00483732086856,617.787432295767,1297.88581275333
"msnburr",200,3,42,"sigma",1,1.0286892542393,0.919521626846543,1.14815747255167,1.00515499447827,1714.57906375879,1733.85286396641
"msnburr",200,3,42,"alpha",3,4.52556685871376,1.67475937355456,12.2909916708466,1.00445956358679,1021.11884109419,2318.51510878014
"msnburr",200,3,43,"mu",0,0.00723063801586107,-0.175878785746342,0.196844245989148,1.00636699784156,929.071451535436,1582.96482035474
"msnburr",200,3,43,"sigma",1,0.966808178149171,0.864508235658974,1.08181347245662,1.00231050457559,1643.10366924631,1767.50449728442
"msnburr",200,3,43,"alpha",3,4.30543187630526,1.70158430235442,10.9704234849982,1.00379876729786,1472.20292266621,2378.79926582488
"msnburr",200,3,44,"mu",0,0.0607981885195739,-0.128258476353331,0.257812943708797,1.00422427883828,835.523431232673,1068.16979286574
"msnburr",200,3,44,"sigma",1,0.92983587453268,0.832624627304547,1.04618012840273,1.00229204165254,1572.19068801698,2187.45773063038
"msnburr",200,3,44,"alpha",3,2.04775658880409,1.02850017575644,4.09899479721633,1.00258976276273,1181.50071028679,2244.51615820416
"msnburr",200,3,45,"mu",0,0.131406960549294,-0.0676322713172527,0.340894243461849,1.00673110954076,767.054995596691,1437.21850590448
"msnburr",200,3,45,"sigma",1,1.02973640432407,0.918927853289778,1.14913868448617,1.00164441589162,1857.8232692926,1799.01677710264
"msnburr",200,3,45,"alpha",3,3.49182935472767,1.41587250686853,9.08979963426956,1.00531928015508,987.71583287958,1934.47554691186
"msnburr",200,3,46,"mu",0,0.00681624174275712,-0.199467275170407,0.247024222361847,1.0017108456616,737.044018463662,1164.44324285678
"msnburr",200,3,46,"sigma",1,1.08171825767988,0.971909054417635,1.20843564464596,1.00129134640064,1689.62018839117,1827.29173829551
"msnburr",200,3,46,"alpha",3,3.86207989608552,1.42141202418766,10.5293717662269,1.00177690659404,1039.43489333343,1939.25664377777
"msnburr",200,3,47,"mu",0,0.0435627839283197,-0.150754749778962,0.259134677591365,1.00699167108157,954.174718394522,1342.18460863684
"msnburr",200,3,47,"sigma",1,1.05458016540955,0.943719656478094,1.17769680434234,1.00351292106554,1690.81823131218,1853.87094687633
"msnburr",200,3,47,"alpha",3,2.70398522669018,1.28938326672884,5.57844885766606,1.00337920483727,1523.60580164154,2717.81155524332
"msnburr",200,3,48,"mu",0,-0.0872130520755922,-0.255773256458621,0.0919247605363864,1.00462406895843,845.744005746336,1215.37562721141
"msnburr",200,3,48,"sigma",1,0.920941093711282,0.82179804663201,1.02998321200379,1.0019588226857,1636.99573875958,2053.20741177903
"msnburr",200,3,48,"alpha",3,5.21656598931666,1.85702720887327,14.7676954264117,1.00255380665931,1218.85072319345,2342.62533777507
"msnburr",200,3,49,"mu",0,-0.000537529698089522,-0.182066975972234,0.187761947243207,1.00300880738948,808.170424284161,1263.70072849072
"msnburr",200,3,49,"sigma",1,0.950141773166725,0.847376625462898,1.05854881741851,1.00403575261413,1682.72674299634,1881.11366032275
"msnburr",200,3,49,"alpha",3,3.72515213679428,1.53361323192203,9.49100472726941,1.0028920801848,1155.17293058278,2248.17542471728
"msnburr",200,3,50,"mu",0,0.0798074610480028,-0.0965450761685835,0.270350649663485,1.00660127011956,921.206091220903,1291.11863790793
"msnburr",200,3,50,"sigma",1,0.939757252506832,0.836415008853726,1.04792755499013,1.00270400544798,1922.23116388345,1993.22531234887
"msnburr",200,3,50,"alpha",3,2.68024715309806,1.29711089658097,5.72409475339175,1.00361307931779,1351.93965181054,2198.6296924437
"msnburr2a",50,0.5,1,"mu",0,0.0750988898375594,-0.412572680494603,0.6015993226166,1.00720326948268,602.879722240216,1203.97995374553
"msnburr2a",50,0.5,1,"sigma",1,1.11498600218378,0.86755300295372,1.40912969516372,1.00352845026745,1262.00209534885,1954.56058438536
"msnburr2a",50,0.5,1,"alpha",0.5,0.700290674538844,0.272298815473437,1.69000994520899,1.00644332805816,803.136007901801,1885.72415461247
"msnburr2a",50,0.5,2,"mu",0,0.195577617046805,-0.248206751960979,0.604969884718556,1.00427555801607,768.257026239593,1131.21152147371
"msnburr2a",50,0.5,2,"sigma",1,0.960397959003279,0.756133139769841,1.20471884900414,1.00252095504474,1456.1256805075,1859.1548614472
"msnburr2a",50,0.5,2,"alpha",0.5,0.679246906724068,0.26691425639825,1.48218772500528,1.00192759798578,1006.71174189583,2152.05017664026
"msnburr2a",50,0.5,3,"mu",0,0.100064909586793,-0.345481091001974,0.542853346021587,1.00239696750999,718.641231127561,1263.62287072924
"msnburr2a",50,0.5,3,"sigma",1,0.972959796063104,0.758346109905477,1.22923124420689,1.00148847792056,1384.27085075795,1413.81654762692
"msnburr2a",50,0.5,3,"alpha",0.5,1.23043169465475,0.389187481914777,3.60728677426481,1.00178725101513,920.322345941603,1746.6311704948
"msnburr2a",50,0.5,4,"mu",0,0.119626127423364,-0.32854442243988,0.565688944425007,1.00523517932304,961.637914167711,1764.84333850905
"msnburr2a",50,0.5,4,"sigma",1,1.14460027668935,0.892798496867474,1.47050566937678,1.00074580200608,1363.33545593785,1724.06677708947
"msnburr2a",50,0.5,4,"alpha",0.5,1.11358118470384,0.426039778662076,2.76533583262345,1.00309228812635,1364.76549163152,2433.73710512762
"msnburr2a",50,0.5,5,"mu",0,0.0610313371636432,-0.420046312875207,0.563555415726961,1.00712804673851,564.282895584554,913.086910354043
"msnburr2a",50,0.5,5,"sigma",1,1.04258986276049,0.817091295722327,1.35195912950272,1.00327222674681,1245.70953361609,1697.88521966302
"msnburr2a",50,0.5,5,"alpha",0.5,0.526075688563301,0.189334439486108,1.16444980630227,1.00513737458006,732.306007717885,1787.8548025125
"msnburr2a",50,0.5,6,"mu",0,0.0614646575376246,-0.366274582111726,0.526062854725423,1.01886722281484,629.797501608901,1230.97542241325
"msnburr2a",50,0.5,6,"sigma",1,1.03461573715028,0.797277362113511,1.33801858659615,1.00461056560278,1396.32192474804,1741.18256304312
"msnburr2a",50,0.5,6,"alpha",0.5,0.867955365107223,0.318044945346198,2.16633977015762,1.01429881550037,878.352382975463,2052.77842415391
"msnburr2a",50,0.5,7,"mu",0,-0.0009520732904664,-0.485918635353578,0.490084738844177,1.00468236275397,650.995448767077,884.998607430789
"msnburr2a",50,0.5,7,"sigma",1,1.07601903975022,0.852216540726098,1.36827453367556,1.00213641826085,1503.90306636315,1789.99202634828
"msnburr2a",50,0.5,7,"alpha",0.5,0.872607535031904,0.309949585999494,2.15098005407293,1.0018590264679,865.034542138101,1379.92839078881
"msnburr2a",50,0.5,8,"mu",0,0.126192178433821,-0.374278541089655,0.590376566968871,1.00632291113909,717.888566097539,1152.78800174041
"msnburr2a",50,0.5,8,"sigma",1,1.07026622709788,0.841880168009706,1.35499126592827,1.00285839101085,1554.00133838852,1674.89928570245
"msnburr2a",50,0.5,8,"alpha",0.5,0.961818594619143,0.340447260145359,2.20141908818219,1.0047516132908,954.145512756097,1785.46526318129
"msnburr2a",50,0.5,9,"mu",0,0.213377540915125,-0.330530374604795,0.793130838596,1.00832591593906,495.470109172993,825.058792821534
"msnburr2a",50,0.5,9,"sigma",1,1.15210527948299,0.900048771115599,1.48097473199016,1.00280101026103,1224.65025807146,1768.01026877433
"msnburr2a",50,0.5,9,"alpha",0.5,0.706831567898858,0.243786993386458,1.83518873009319,1.00708940362136,671.720048067374,1151.97654685365
"msnburr2a",50,0.5,10,"mu",0,0.281465454218645,-0.233556306853287,0.782070565039751,1.00358139478405,538.795440538563,865.9894230884
"msnburr2a",50,0.5,10,"sigma",1,0.950055475631331,0.737713671915958,1.21733860511707,1.0062546713899,1033.87726985015,1266.71379966585
"msnburr2a",50,0.5,10,"alpha",0.5,0.75736240552833,0.234567575503162,2.00964159111667,1.00226878399253,665.369097963073,1232.54440969504
"msnburr2a",50,0.5,11,"mu",0,0.126134256089684,-0.28569920161541,0.61064035281321,1.00429535444056,602.995647910664,821.056065876628
"msnburr2a",50,0.5,11,"sigma",1,0.89854910180868,0.689546548485823,1.15961278809857,1.0022947184782,1098.02538073515,1525.03229204411
"msnburr2a",50,0.5,11,"alpha",0.5,0.59657814951283,0.224450553995907,1.53010254893282,1.00220921322547,786.830601470415,998.328888834406
"msnburr2a",50,0.5,12,"mu",0,0.16545477884293,-0.329706330364104,0.646686868301465,1.00866908986973,557.996593876052,980.942081852059
"msnburr2a",50,0.5,12,"sigma",1,1.01411033786236,0.789259139744629,1.31575892529534,1.00416034734701,977.776921500831,1334.67584162788
"msnburr2a",50,0.5,12,"alpha",0.5,0.516626769789656,0.195374650916166,1.17835085238277,1.00489942036914,761.519003573191,1620.29641955589
"msnburr2a",50,0.5,13,"mu",0,0.280269703779112,-0.310997198386183,0.849419052075572,1.01173939622265,501.090896952384,700.896173060084
"msnburr2a",50,0.5,13,"sigma",1,1.16186833894065,0.896185105491115,1.48740903776538,1.00455731760694,1183.01186529975,1489.00973210658
"msnburr2a",50,0.5,13,"alpha",0.5,0.701193569231727,0.233485984564451,1.8123820577668,1.00759138556145,673.694787457821,1264.51072321403
"msnburr2a",50,0.5,14,"mu",0,0.224563876473379,-0.281753444988261,0.766898088705588,1.00328351842265,610.136101789899,905.90512965563
"msnburr2a",50,0.5,14,"sigma",1,1.105724674475,0.850749697087814,1.43189509778553,1.0014162524854,972.477992101701,1513.16573733513
"msnburr2a",50,0.5,14,"alpha",0.5,0.742061082142496,0.270759994710343,1.92506573452026,1.00221014960215,811.776055277108,1373.96163891599
"msnburr2a",50,0.5,15,"mu",0,0.284900122107291,-0.0691775805641646,0.650264383604456,1.00335269490821,987.093052826772,1426.49016076944
"msnburr2a",50,0.5,15,"sigma",1,0.997140748421249,0.784022159525488,1.27267243440616,1.00395420359361,1765.1502683985,1912.33709534809
"msnburr2a",50,0.5,15,"alpha",0.5,0.805886032017311,0.384127068122227,1.59852756399778,1.00267559035563,1769.06227056111,3311.26595436033
"msnburr2a",50,0.5,16,"mu",0,0.298192429641994,-0.0974321710704851,0.664429167787904,1.00183594831967,1053.0737111655,1455.47365283575
"msnburr2a",50,0.5,16,"sigma",1,0.996578620594118,0.788418782033679,1.2626603996158,1.00348849288039,1475.26319486091,2108.61203846728
"msnburr2a",50,0.5,16,"alpha",0.5,1.01336076281325,0.413357660721039,2.25111971975815,1.00103334066782,1638.3410492782,2723.29904875085
"msnburr2a",50,0.5,17,"mu",0,0.161091702162734,-0.260127454848678,0.551865521673437,1.00359113048657,1023.63849798929,1246.2197783769
"msnburr2a",50,0.5,17,"sigma",1,1.02218869856938,0.812930758720173,1.29531131323735,1.0037017192873,1590.42644434558,1473.49276998435
"msnburr2a",50,0.5,17,"alpha",0.5,0.986530620652782,0.408020366092592,2.10518133926844,1.0020927291212,1590.73667455716,2674.54673617219
"msnburr2a",50,0.5,18,"mu",0,0.124918104392665,-0.470014610248221,0.76299740179031,1.00992871462348,589.482472851668,1098.43080455031
"msnburr2a",50,0.5,18,"sigma",1,1.28503126565236,1.00135214769622,1.64297233443745,1.00557001508451,1255.88752635129,1423.77263509401
"msnburr2a",50,0.5,18,"alpha",0.5,0.930222714225535,0.297927090436444,2.54587757359865,1.01111518649999,741.110561138859,1346.16281679727
"msnburr2a",50,0.5,19,"mu",0,0.0337744699501371,-0.539071269228004,0.617910115518868,1.00718139301485,568.764947669823,785.295358632094
"msnburr2a",50,0.5,19,"sigma",1,1.18671288399402,0.92030046213356,1.49604718747621,1.0032167140655,1178.7798773331,1849.68153041968
"msnburr2a",50,0.5,19,"alpha",0.5,0.711541960902087,0.243706688171051,1.85052628234957,1.00442136454339,733.969657390708,1313.89036824638
"msnburr2a",50,0.5,20,"mu",0,0.473051539017837,-0.151001425844218,0.995300325926796,1.00447655192663,575.66902225366,742.218821431041
"msnburr2a",50,0.5,20,"sigma",1,1.11888740454124,0.872489651609214,1.4252299720967,1.00421826567628,1366.85117808801,1625.58773279931
"msnburr2a",50,0.5,20,"alpha",0.5,0.99998868083285,0.28547013277688,2.76584011825051,1.00320719529522,723.843047468938,1178.67948404828
"msnburr2a",50,0.5,21,"mu",0,0.257612909231599,-0.186539256994653,0.695448654216402,1.0145147873368,674.206978688604,1470.63052388269
"msnburr2a",50,0.5,21,"sigma",1,1.07789327609218,0.844323270407751,1.36011720910824,1.00065611987403,1568.48886426723,1794.30107032348
"msnburr2a",50,0.5,21,"alpha",0.5,1.18551434605383,0.4278880589143,3.03592697509482,1.00922838326295,1154.49009675171,2289.43581281508
"msnburr2a",50,0.5,22,"mu",0,0.283476974346839,-0.0594844042832084,0.639792440957881,1.00551628136772,850.692450727008,1335.95842213178
"msnburr2a",50,0.5,22,"sigma",1,0.858520456067161,0.67690991461625,1.08412684816546,1.00165162682481,1601.2735399981,1683.79666743804
"msnburr2a",50,0.5,22,"alpha",0.5,1.45659773810999,0.505744554705283,4.10964944229492,1.00105350827048,1281.28066219911,1602.70045881282
"msnburr2a",50,0.5,23,"mu",0,-0.37780778844453,-0.889396291000583,0.184157613959515,1.00660844065775,514.594479209879,924.95566475352
"msnburr2a",50,0.5,23,"sigma",1,1.05756889734271,0.797803360118784,1.37084907245995,1.0019167629964,976.757570106544,1523.51363411774
"msnburr2a",50,0.5,23,"alpha",0.5,0.404400694776902,0.1409688131081,0.979500423190668,1.00522033248675,637.712844725806,1259.98794979976
"msnburr2a",50,0.5,24,"mu",0,0.0316999712413411,-0.484220413130072,0.555628159977488,1.0057361634302,536.190047040622,816.236603023253
"msnburr2a",50,0.5,24,"sigma",1,1.04357796908479,0.810478028290283,1.32334218234214,1.00252244517721,1288.1334839079,1906.54446441435
"msnburr2a",50,0.5,24,"alpha",0.5,0.549360436785725,0.183600909103243,1.3585055458508,1.00264320932685,697.066797553778,1194.99522810728
"msnburr2a",50,0.5,25,"mu",0,0.335245835887427,-0.128995185454993,0.796675673391878,1.00440301606138,702.050225926994,1315.09106632778
"msnburr2a",50,0.5,25,"sigma",1,1.08549405517459,0.854119740739261,1.36928046955061,1.00084973658843,1579.81578479853,1939.25985254561
"msnburr2a",50,0.5,25,"alpha",0.5,1.41059278579591,0.455057765075647,3.92790057808607,1.00214122038989,965.883136164027,2064.67989623396
"msnburr2a",50,0.5,26,"mu",0,0.0201933126367165,-0.438411320746149,0.501461085464353,1.00702618137298,727.551895910344,1116.10595389609
"msnburr2a",50,0.5,26,"sigma",1,1.04229835167678,0.797285054430783,1.34291216157231,1.00507445666282,1211.95023703601,1623.82641131897
"msnburr2a",50,0.5,26,"alpha",0.5,0.536022365059598,0.221183449257053,1.18817936033043,1.00422808015268,995.633486957318,1754.40345235986
"msnburr2a",50,0.5,27,"mu",0,0.686423094436627,0.0922438061155589,1.29040369943141,1.00906114279748,538.008884854453,1026.07450086543
"msnburr2a",50,0.5,27,"sigma",1,1.21269303983821,0.943076658231746,1.54013920568185,1.00154642046736,1454.01352934365,1663.4110828211
"msnburr2a",50,0.5,27,"alpha",0.5,1.46829637378757,0.376730140885694,5.36959246493524,1.00646671101443,698.765759189919,1407.71476313909
"msnburr2a",50,0.5,28,"mu",0,0.0894646473621436,-0.273474628060537,0.483471148856207,1.00184406695247,762.083213481083,1158.74540581734
"msnburr2a",50,0.5,28,"sigma",1,0.928830691606435,0.731292281991931,1.184304970937,1.0052567753236,1486.1082846368,1595.89023230461
"msnburr2a",50,0.5,28,"alpha",0.5,1.16996541138498,0.441844448921784,2.83110347128449,1.00138908198937,1142.07102582237,2306.73753317067
"msnburr2a",50,0.5,29,"mu",0,0.285644166999724,-0.254097572769356,0.7735076046274,1.00460913349422,539.438794937127,911.099558167078
"msnburr2a",50,0.5,29,"sigma",1,1.09999339315684,0.858077139090918,1.38602517805698,1.0029722860488,1570.69738641005,1725.26119399268
"msnburr2a",50,0.5,29,"alpha",0.5,1.10386991273385,0.337862187182282,2.96633301582087,1.00407189940867,672.678171694875,1223.04967725557
"msnburr2a",50,0.5,30,"mu",0,-0.0309637347108361,-0.429742059316423,0.42479272599151,1.00349074000687,913.797913416176,1156.88084168814
"msnburr2a",50,0.5,30,"sigma",1,1.09422680517047,0.84754343693058,1.41554942520251,1.00176557655526,1341.74714730387,2071.85867942536
"msnburr2a",50,0.5,30,"alpha",0.5,0.412292300581457,0.195632731247971,0.810615685328235,1.00143271694655,1448.24006433833,2072.81712321558
"msnburr2a",50,0.5,31,"mu",0,0.137403963855084,-0.192620326417007,0.457015446217033,1.00973035187645,827.631253217438,1485.36769695096
"msnburr2a",50,0.5,31,"sigma",1,0.794831027999215,0.632713056321461,1.00454184278198,1.00541503223762,1649.20344012825,1599.37657664053
"msnburr2a",50,0.5,31,"alpha",0.5,1.84989327941792,0.557633748655564,5.52215560777279,1.00379996382594,1130.18668785401,2656.59697701947
"msnburr2a",50,0.5,32,"mu",0,-0.00904734293496236,-0.402398125971601,0.452199192287756,1.00290626711503,693.92526658986,1333.68410942554
"msnburr2a",50,0.5,32,"sigma",1,1.06934077009289,0.824249854668519,1.39218280226584,1.00265463287025,1098.31140580367,1258.68410839633
"msnburr2a",50,0.5,32,"alpha",0.5,0.512478243021198,0.235313103434031,1.09280976651745,1.00262932814583,986.130923666545,1929.77492007667
"msnburr2a",50,0.5,33,"mu",0,0.123572602029759,-0.268118256400718,0.571565782694087,1.00545776145044,828.44623391162,1287.75898241581
"msnburr2a",50,0.5,33,"sigma",1,1.07754377499487,0.843583958240611,1.37156633441289,1.00182647716114,1349.19790242679,1930.9248076693
"msnburr2a",50,0.5,33,"alpha",0.5,0.512181493451491,0.23413812826466,1.06852993651298,1.00422519622513,1180.53075446233,1858.42009657328
"msnburr2a",50,0.5,34,"mu",0,0.0797865400295563,-0.280694339813203,0.483932035961803,1.01022834168327,658.669448159719,1105.40807038842
"msnburr2a",50,0.5,34,"sigma",1,0.932944510320835,0.732545921510928,1.20473265116876,1.00172744751216,1535.79804864884,1844.11090321176
"msnburr2a",50,0.5,34,"alpha",0.5,0.953891562963953,0.386702386047704,2.3260820377318,1.00601298092966,981.309292929431,1683.5650145878
"msnburr2a",50,0.5,35,"mu",0,0.261563241576299,-0.21866006209276,0.860730842702106,1.0200261396507,520.977070785623,865.258979921478
"msnburr2a",50,0.5,35,"sigma",1,1.0560168982408,0.807013067337024,1.36188146801886,1.00553366918935,955.640317432068,1600.72875742781
"msnburr2a",50,0.5,35,"alpha",0.5,0.757499268418555,0.250437750334948,2.35981552976622,1.01602738163042,656.460303603355,1123.45507829334
"msnburr2a",50,0.5,36,"mu",0,0.321525923871384,-0.0757341458735511,0.693275361729319,1.0032284601619,977.163830097073,1344.62790684957
"msnburr2a",50,0.5,36,"sigma",1,1.03282778615077,0.825121827330099,1.29968644768903,1.00369674489748,1594.65457369684,1599.70877677503
"msnburr2a",50,0.5,36,"alpha",0.5,2.36864818767962,0.665600167906577,7.48398649316311,1.00336831567561,1367.13927049098,2126.73884027486
"msnburr2a",50,0.5,37,"mu",0,0.480791492556547,0.0112491166208831,0.926989087935418,1.00634204318637,778.696726946552,1148.86833108524
"msnburr2a",50,0.5,37,"sigma",1,0.988705850646385,0.782709798586487,1.24730349475425,1.00192990784304,1377.21580409991,1681.37759180836
"msnburr2a",50,0.5,37,"alpha",0.5,1.23574682688363,0.393065378027574,3.20811730548077,1.00385171919161,1013.23347636606,1889.15566040972
"msnburr2a",50,0.5,38,"mu",0,-0.0605372192756181,-0.550517475898223,0.498744754739706,1.00879684043423,759.839715087114,1046.3242783077
"msnburr2a",50,0.5,38,"sigma",1,1.22773678685645,0.957812037277471,1.5650287091379,1.00325767766351,1484.72419264137,1631.34568166859
"msnburr2a",50,0.5,38,"alpha",0.5,0.637993412611067,0.272914018922436,1.42357030341444,1.00639622955119,996.715338099008,1603.43171452525
"msnburr2a",50,0.5,39,"mu",0,-0.167429139374729,-0.571829626145893,0.293824128742403,1.0029511651886,849.898150923539,1333.53026257767
"msnburr2a",50,0.5,39,"sigma",1,1.09229388620221,0.847399952846561,1.39670933788354,1.00223186148358,1549.87535476226,1950.24602864809
"msnburr2a",50,0.5,39,"alpha",0.5,0.388743551040103,0.177821360364048,0.790441439728694,1.00104795327571,1245.65446127267,2244.08993201843
"msnburr2a",50,0.5,40,"mu",0,-0.136204812022933,-0.514318376101119,0.258622311289546,1.01559390274593,652.454625047957,1233.06092931514
"msnburr2a",50,0.5,40,"sigma",1,1.0112269536914,0.787337435501951,1.30512001577098,1.00498884913917,1173.63182050361,1514.95585245985
"msnburr2a",50,0.5,40,"alpha",0.5,0.396980717672515,0.186086478156797,0.725631916826902,1.00758055535171,1205.88842998703,2899.4224985534
"msnburr2a",50,0.5,41,"mu",0,0.0257712382069392,-0.570702297539822,0.649227885408132,1.00256401335065,479.389007130898,862.73130394927
"msnburr2a",50,0.5,41,"sigma",1,1.16961634884494,0.910658754925242,1.50901945926965,1.00230202879047,1065.57147099553,1465.99538396882
"msnburr2a",50,0.5,41,"alpha",0.5,1.03642377240211,0.277416983490401,2.92492045795481,1.00154942929831,567.103799338473,1096.42701842512
"msnburr2a",50,0.5,42,"mu",0,-0.0604934705205869,-0.631213058208773,0.52879247397699,1.01198157713494,250.441386921456,525.003079070127
"msnburr2a",50,0.5,42,"sigma",1,0.906580860469983,0.662134366431576,1.21292000896811,1.00657864532684,538.618810370131,1227.74518460246
"msnburr2a",50,0.5,42,"alpha",0.5,0.357817455571119,0.0793648280864925,0.996584482678358,1.01010926350905,311.602321715217,729.100949592131
"msnburr2a",50,0.5,43,"mu",0,-0.0658437444553854,-0.358192854836559,0.217321573092328,1.00421059322693,971.904181574414,1322.58346602823
"msnburr2a",50,0.5,43,"sigma",1,0.720347828368094,0.568711712678893,0.916408619934663,1.00068014592589,1481.83589188576,1337.78401435387
"msnburr2a",50,0.5,43,"alpha",0.5,0.868241029096771,0.351964822391912,1.92093980252632,1.00209276923001,1355.2108126048,2126.6627124218
"msnburr2a",50,0.5,44,"mu",0,0.1093271833218,-0.296282776244835,0.504960222102544,1.0091165632288,630.040119943518,1252.89158497731
"msnburr2a",50,0.5,44,"sigma",1,0.927155084857942,0.7300722391444,1.19705855541169,1.00057111128165,1419.71352318288,1856.9866642356
"msnburr2a",50,0.5,44,"alpha",0.5,0.655860630760863,0.271498476868159,1.45599476189735,1.00532115081368,890.751944876428,1864.62022394455
"msnburr2a",50,0.5,45,"mu",0,0.349529567896995,-0.289408971510271,0.919810582668001,1.00417900526952,563.443820869821,799.773413694302
"msnburr2a",50,0.5,45,"sigma",1,1.15276147187853,0.907835103417878,1.46961044137752,1.00714373891843,1306.09035852605,1701.73506003663
"msnburr2a",50,0.5,45,"alpha",0.5,1.19874692407591,0.309978893524691,3.5971204589638,1.00368643945392,709.749222865253,1211.73165611305
"msnburr2a",50,0.5,46,"mu",0,0.192430208452143,-0.187335818051954,0.565627884831759,1.00278020637424,902.719508505806,1573.20690559145
"msnburr2a",50,0.5,46,"sigma",1,0.922672854079146,0.723254184117671,1.17509603478252,1.00426893523075,1556.49956295373,2074.11819921035
"msnburr2a",50,0.5,46,"alpha",0.5,0.727620853465256,0.313797111050439,1.53014341097205,1.00215391389926,1294.61294390654,2031.16191139684
"msnburr2a",50,0.5,47,"mu",0,0.344808814714396,-0.141909609332805,0.803262391338786,1.00770354989446,621.518150055675,729.76184918802
"msnburr2a",50,0.5,47,"sigma",1,1.01805466624483,0.804890454909755,1.29264888860185,1.00452543591745,1454.5864296274,1824.54454687422
"msnburr2a",50,0.5,47,"alpha",0.5,1.00849950509775,0.327080272404438,2.59596808438069,1.00707275200458,815.497163445008,1662.25610425457
"msnburr2a",50,0.5,48,"mu",0,0.234291323535038,-0.447358449337745,0.941128678774696,1.00570288796513,551.061301458265,923.608158994254
"msnburr2a",50,0.5,48,"sigma",1,1.34719198372295,1.05806249542427,1.71944285524435,1.00108978881298,1475.30880046003,1838.47184110123
"msnburr2a",50,0.5,48,"alpha",0.5,1.05016128080031,0.286780109347047,3.42833067461121,1.00103907760246,665.836318834495,1490.52913840836
"msnburr2a",50,0.5,49,"mu",0,-0.0600254266926142,-0.529480988953561,0.433418493134738,1.00781215409755,617.228520452932,892.468588920687
"msnburr2a",50,0.5,49,"sigma",1,1.09265804878996,0.847891575439176,1.41193809999035,1.00563095244245,1251.18647356523,1550.93779631061
"msnburr2a",50,0.5,49,"alpha",0.5,0.646362287456126,0.24981695517354,1.46909976808914,1.00676716851275,806.590429300569,1838.85199225631
"msnburr2a",50,0.5,50,"mu",0,0.317550135678905,-0.0501043034921172,0.692591699571456,1.00516539536256,849.962666117817,1300.98678684266
"msnburr2a",50,0.5,50,"sigma",1,0.982933870274592,0.77458062642878,1.24815723877661,1.00477720550231,1561.56075240608,1817.077019862
"msnburr2a",50,0.5,50,"alpha",0.5,0.993356524821619,0.432791440039028,2.13375870144429,1.00505219738581,1402.43489907684,2579.30443605457
"msnburr2a",50,1,1,"mu",0,0.169919813974767,-0.26619006893375,0.603613893765321,1.003087943332,1101.69462641708,1749.87020638863
"msnburr2a",50,1,1,"sigma",1,1.13595649547962,0.897630072362356,1.44307192656366,1.00136556080955,1604.74268287927,1635.46276321725
"msnburr2a",50,1,1,"alpha",1,1.21363332444003,0.473119425443988,2.89660800065978,1.00229375571916,1532.11343883669,2243.66979983721
"msnburr2a",50,1,2,"mu",0,0.155160605165656,-0.274516443075461,0.604981249967113,1.00765809962917,798.949422268593,1047.24260076666
"msnburr2a",50,1,2,"sigma",1,1.06366173644518,0.831545401665963,1.36039568593374,1.00194271508386,1478.17135957862,1670.23001808969
"msnburr2a",50,1,2,"alpha",1,1.14833987327102,0.423459245121253,3.01438056456431,1.00421739661567,1165.21530221011,1741.18394041383
"msnburr2a",50,1,3,"mu",0,0.0928194710991207,-0.273712561557683,0.468023988961578,1.00242350268439,817.166531676513,1301.87099694291
"msnburr2a",50,1,3,"sigma",1,0.925596884083886,0.728915264282895,1.16993178934447,1.00209372145693,1657.45525520106,1813.11640799613
"msnburr2a",50,1,3,"alpha",1,1.79727472983845,0.570393415147699,5.10093356086239,1.00168071192197,1205.09982073785,1966.83506147082
"msnburr2a",50,1,4,"mu",0,-0.160287820198078,-0.595691366694649,0.282588992865088,1.0063543870646,790.379157701452,1378.92530601628
"msnburr2a",50,1,4,"sigma",1,1.12895979572366,0.885479933909288,1.43173143624117,1.00269663025206,1349.74929061982,1756.58333188324
"msnburr2a",50,1,4,"alpha",1,0.964062561622448,0.390905879984044,2.14714281804738,1.00418153994889,1188.85495139643,2008.66318056073
"msnburr2a",50,1,5,"mu",0,0.114672322097286,-0.302351667783166,0.52918275589421,1.00602827829185,899.073830619293,1261.00690384458
"msnburr2a",50,1,5,"sigma",1,1.06710685107882,0.837634626941824,1.36236568706055,1.00201570755597,1442.87812893972,1549.92356781853
"msnburr2a",50,1,5,"alpha",1,0.929426495535847,0.382791821538726,2.03618049840921,1.00443443642403,1363.67049896553,2096.28446448763
"msnburr2a",50,1,6,"mu",0,-0.284909168451011,-0.670605635222318,0.135492659212899,1.00945244031867,766.151290745929,1242.30413050977
"msnburr2a",50,1,6,"sigma",1,0.956085398466518,0.753881164919553,1.2051706977892,1.00211956306594,1298.58401169468,1697.73774199911
"msnburr2a",50,1,6,"alpha",1,0.624028173263085,0.265936874727152,1.37116392004424,1.00489958186091,1110.23527419318,1795.81910944277
"msnburr2a",50,1,7,"mu",0,-0.200793544102305,-0.589505492444817,0.294359052638364,1.00506444172299,395.418035147575,964.40230754644
"msnburr2a",50,1,7,"sigma",1,0.808458708606284,0.607999393972325,1.07225812799174,1.00360836445291,692.508939357639,1353.00736338224
"msnburr2a",50,1,7,"alpha",1,0.467134536739579,0.149155417929685,1.30834082975025,1.00338394832205,478.005706917084,1026.9617788191
"msnburr2a",50,1,8,"mu",0,0.259279829244973,-0.118947904069401,0.622059153254965,1.0033152086542,903.143946439676,1389.44223070488
"msnburr2a",50,1,8,"sigma",1,0.978616483429699,0.779250352770534,1.24613115443121,1.00254578152318,1634.28903716075,1996.25981041211
"msnburr2a",50,1,8,"alpha",1,1.34591502892558,0.507854823088442,3.32975757990002,1.00152954177166,1362.23269659812,2603.7333637216
"msnburr2a",50,1,9,"mu",0,0.310005822628061,-0.0450210093850925,0.638287865171145,1.00652200813485,768.286786451864,1096.30239382319
"msnburr2a",50,1,9,"sigma",1,0.792707856128789,0.628099468609592,1.0051959432236,1.00236686059353,1223.92986104988,1423.36173765636
"msnburr2a",50,1,9,"alpha",1,1.6188839979848,0.476450282110033,4.86934624061974,1.00512966256921,960.724582137363,1943.80990952712
"msnburr2a",50,1,10,"mu",0,0.0563275831100802,-0.316012898207819,0.386275740367462,1.00387415625893,723.045255966954,1102.40400743195
"msnburr2a",50,1,10,"sigma",1,0.850371163430961,0.683197508919157,1.06438837718421,1.00130273560268,1627.37505459453,1934.34839093588
"msnburr2a",50,1,10,"alpha",1,1.79717406319323,0.526106792132392,5.29931945882106,1.0067783899759,1048.55279499756,2048.41410101
"msnburr2a",50,1,11,"mu",0,0.287027703869824,-0.223214772016694,0.75565677332668,1.01303302696388,651.268413137448,1068.32411964235
"msnburr2a",50,1,11,"sigma",1,1.03914550322275,0.824392682706432,1.30971651668043,1.00359020526749,1455.08108561818,1543.72348074601
"msnburr2a",50,1,11,"alpha",1,1.81358501161902,0.413490084847687,6.08989421340339,1.00455937680095,731.116338387231,1493.90112042716
"msnburr2a",50,1,12,"mu",0,0.0728794303763244,-0.33904300497242,0.454528976555028,1.0057259999125,828.702339605623,1045.26983990825
"msnburr2a",50,1,12,"sigma",1,1.01121212417573,0.807214509113515,1.28088480691224,1.00398831580399,1757.79345250298,2065.62175148037
"msnburr2a",50,1,12,"alpha",1,2.19868241959377,0.610603351700553,6.66097183853983,1.00198733437563,1225.26444145224,2398.43430356911
"msnburr2a",50,1,13,"mu",0,-0.28536724402858,-0.850086099209925,0.24873937528328,1.00607712377933,796.651692720391,1069.64471923766
"msnburr2a",50,1,13,"sigma",1,1.21854238855213,0.95081157032165,1.5690572937522,1.00509188663171,1137.9195005941,1197.10189159774
"msnburr2a",50,1,13,"alpha",1,0.794852314457708,0.295746840124105,1.87119425183714,1.0049857502386,1086.69744502295,1682.5109023282
"msnburr2a",50,1,14,"mu",0,0.181734904679722,-0.339051902393972,0.642128776050003,1.00355627659676,863.653129077154,1012.58535015756
"msnburr2a",50,1,14,"sigma",1,1.21847699892824,0.975540312054035,1.52165908004142,1.00296745010895,1859.54363366225,1732.27008481763
"msnburr2a",50,1,14,"alpha",1,2.60302445837507,0.623667555770316,8.4701562295013,1.00104750578418,1197.85165500269,1867.0635741319
"msnburr2a",50,1,15,"mu",0,-0.0195999689015471,-0.394437586592068,0.342768035115078,1.00181977110216,1061.12704115456,1308.57289836588
"msnburr2a",50,1,15,"sigma",1,0.889531761508224,0.7085587041375,1.13074680682933,1.0009321802712,1718.14285107213,1714.30963151169
"msnburr2a",50,1,15,"alpha",1,1.28633321516965,0.452288131849869,3.03839282569401,1.00175685684287,1311.37502659726,2300.87195218016
"msnburr2a",50,1,16,"mu",0,-0.212322904064953,-0.532128821604802,0.117605956116745,1.00519862292897,909.930086717914,1373.97924493059
"msnburr2a",50,1,16,"sigma",1,0.869464694868234,0.682778645245365,1.10109582800632,1.00239779940408,1666.91675997313,1799.42568326418
"msnburr2a",50,1,16,"alpha",1,0.743824436306384,0.329795739894798,1.52589023575074,1.00214269127908,1416.78778575957,2280.96628502903
"msnburr2a",50,1,17,"mu",0,-0.0281512978873915,-0.553122890881273,0.522733651346722,1.01066945032315,407.576799256952,719.512494769085
"msnburr2a",50,1,17,"sigma",1,0.99566812766568,0.772239534364026,1.27388688149984,1.00524664819747,1033.5615120504,1640.85818188542
"msnburr2a",50,1,17,"alpha",1,1.00172039884153,0.262542154002535,3.1985281018269,1.00915568344404,479.533427019864,1197.16750594171
"msnburr2a",50,1,18,"mu",0,-0.607671965182071,-0.979227528432053,-0.205551120195742,1.00539492200739,655.091410237827,1072.02306423945
"msnburr2a",50,1,18,"sigma",1,0.834749327581013,0.636708368495533,1.09831515628886,1.00488280064622,1011.81942658253,1543.00955832654
"msnburr2a",50,1,18,"alpha",1,0.360698605387875,0.142833374581548,0.800925537093444,1.00420879915979,829.998523416069,1466.29512307069
"msnburr2a",50,1,19,"mu",0,-0.441815163875354,-0.941379008544686,0.0237988933693782,1.00639881297965,721.269688794074,1185.41968661726
"msnburr2a",50,1,19,"sigma",1,1.07554775953306,0.853210139459331,1.37478458510635,1.0017970685967,1404.94575085015,1740.18772435814
"msnburr2a",50,1,19,"alpha",1,0.805102797235129,0.30180649676017,1.86918447714192,1.00407327265128,1003.85473110906,1903.54804931725
"msnburr2a",50,1,20,"mu",0,-0.057865098088744,-0.520699040127139,0.393559053969272,1.00326342447285,967.046983506662,1510.67869024508
"msnburr2a",50,1,20,"sigma",1,1.12395522886938,0.890140876622866,1.41175329052566,1.00188472221988,1600.2704959632,1769.05133692109
"msnburr2a",50,1,20,"alpha",1,1.1090291120161,0.414459851520498,2.72108612787082,1.00233963835327,1359.22789757173,2273.92997810829
"msnburr2a",50,1,21,"mu",0,0.18902420193871,-0.200664599340587,0.566965657885773,1.00660953420004,826.884047706655,1127.98495554508
"msnburr2a",50,1,21,"sigma",1,0.999921237834849,0.785018514530698,1.2598312989858,1.00115468502269,1613.08591820752,2088.86630069051
"msnburr2a",50,1,21,"alpha",1,2.15166972038334,0.665625268488012,6.47809734966759,1.00296178390509,1223.00922473964,2268.4381281608
"msnburr2a",50,1,22,"mu",0,-0.0396780784559099,-0.46357405265014,0.383514035895576,1.00303189877708,774.27550037629,1052.87274458456
"msnburr2a",50,1,22,"sigma",1,1.01293404648455,0.789006409124133,1.28877965874915,1.00399703817007,1519.24691197248,1635.63456431915
"msnburr2a",50,1,22,"alpha",1,1.015212852338,0.386321623459681,2.56690459216951,1.00232771291918,1066.03586157573,2009.81083908851
"msnburr2a",50,1,23,"mu",0,-0.22231296368385,-0.594066063094271,0.16482756302112,1.00229521091448,978.62107415922,1463.85415967874
"msnburr2a",50,1,23,"sigma",1,1.01897103274001,0.794468852579041,1.30185678123019,1.00162076627763,1343.67152453619,1553.17736410834
"msnburr2a",50,1,23,"alpha",1,0.766375928334822,0.346973850936646,1.58846632048989,1.00223621946094,1472.03752773701,2685.11851260931
"msnburr2a",50,1,24,"mu",0,-0.504013625694667,-1.03900768466309,-0.00889534525747025,1.00080824726561,843.758883507876,1094.90245455383
"msnburr2a",50,1,24,"sigma",1,1.20378474173922,0.948143257327426,1.52216790908687,1.00094020154095,1470.12735696713,1831.63096689505
"msnburr2a",50,1,24,"alpha",1,1.0267520203664,0.366144458933287,2.42859556310836,1.00087784668144,1145.28187351949,1945.36549829526
"msnburr2a",50,1,25,"mu",0,-0.0636133468044162,-0.469806450172967,0.428490950745414,1.00443459737903,627.177216025118,874.90118419303
"msnburr2a",50,1,25,"sigma",1,0.916993446520415,0.701609016695371,1.20406670237237,1.00393146737057,824.616423908247,1322.91773817395
"msnburr2a",50,1,25,"alpha",1,0.473193732114644,0.189140884780592,1.08547723420792,1.00350709125929,831.775635374526,1093.82369976592
"msnburr2a",50,1,26,"mu",0,0.378693785180938,-0.182264371141751,0.888596334551566,1.00491040887711,669.785470164532,1104.83480979621
"msnburr2a",50,1,26,"sigma",1,1.24473725342359,0.989681724360697,1.58332377370287,1.00215548766475,1465.68854915651,1739.99468467977
"msnburr2a",50,1,26,"alpha",1,1.73181022803776,0.50470580515325,5.30599097277622,1.00254660607682,955.568687078954,2240.00408526107
"msnburr2a",50,1,27,"mu",0,-0.344638535912999,-0.683605252286854,0.112932464599527,1.00273831154091,531.367581980472,747.949433896471
"msnburr2a",50,1,27,"sigma",1,0.786096036160622,0.591893737700845,1.03210875622506,1.0024270993315,900.406287343365,1391.8309458877
"msnburr2a",50,1,27,"alpha",1,0.44149605593492,0.16669877026525,1.18773755400156,1.00209293622615,691.919960919362,849.756460311566
"msnburr2a",50,1,28,"mu",0,0.194622227825956,-0.247082641381957,0.603169946446259,1.00462284140524,675.851323532276,1135.73230717327
"msnburr2a",50,1,28,"sigma",1,0.969130548700685,0.7691348594515,1.22566736357532,1.00596460375509,1529.14017484743,1734.34418000605
"msnburr2a",50,1,28,"alpha",1,1.40858449902174,0.445882957373695,3.98632489195126,1.00400429374179,971.811898541006,1926.88259944898
"msnburr2a",50,1,29,"mu",0,0.0831692394939801,-0.305586237969596,0.444535032044125,1.00302968500656,717.878209727654,1135.69339452481
"msnburr2a",50,1,29,"sigma",1,0.877743143496114,0.688058192451981,1.10924360151449,1.00118679829258,1663.98465792515,2099.8397070513
"msnburr2a",50,1,29,"alpha",1,1.60523748238974,0.488615659876478,4.73517595157602,1.00288910545905,900.912862585407,1702.76501838706
"msnburr2a",50,1,30,"mu",0,0.239744786503728,-0.195215653670378,0.674092902867014,1.00650378199256,802.809400964236,1186.60361491136
"msnburr2a",50,1,30,"sigma",1,1.02413541895428,0.81374751924103,1.28654615392144,1.00187671809344,1730.52794463844,1868.48304668476
"msnburr2a",50,1,30,"alpha",1,1.26411550320555,0.437620862686162,3.35499157602373,1.00213750608999,1170.91130592012,1889.40867114777
"msnburr2a",50,1,31,"mu",0,-0.0466566968543849,-0.516846457253115,0.459189320337373,1.00290552244759,813.756164168934,1372.91152684069
"msnburr2a",50,1,31,"sigma",1,1.19396257134186,0.9363981251257,1.52325759673322,1.00199520048453,1309.53382490671,1660.61119852146
"msnburr2a",50,1,31,"alpha",1,1.21498959562651,0.431434749592803,3.21670368817189,1.00237911699734,1012.54241227952,1587.34307906224
"msnburr2a",50,1,32,"mu",0,0.0247506016025846,-0.263789328480933,0.323360330842018,1.00409654587444,1219.24772068062,1796.42845030234
"msnburr2a",50,1,32,"sigma",1,0.893374942787153,0.689526292259515,1.1409798352668,1.00238853515407,1621.91524886417,1954.37517036983
"msnburr2a",50,1,32,"alpha",1,1.00366010785658,0.47829022525344,2.02498510939919,1.00096752121243,2640.62629137416,2829.36197429164
"msnburr2a",50,1,33,"mu",0,-0.203850302834107,-0.573427275284259,0.20106187029688,1.00262839341522,821.706404915538,1351.84680565747
"msnburr2a",50,1,33,"sigma",1,1.01376076617425,0.782551195129517,1.30858546478452,1.002993302954,1522.53524749421,1737.05023122042
"msnburr2a",50,1,33,"alpha",1,0.591260695219179,0.272502714850703,1.22334619869664,1.00123082845863,1464.80294062211,2156.67832098449
"msnburr2a",50,1,34,"mu",0,-0.140903842497337,-0.583216831228081,0.314594382165901,1.00570634540672,672.286895444388,971.625769999281
"msnburr2a",50,1,34,"sigma",1,1.11455394153401,0.867476564168679,1.42800763674044,1.00401480954671,1132.97521590344,1427.28022104503
"msnburr2a",50,1,34,"alpha",1,0.894440509613938,0.368575329029295,2.1037353687176,1.0028662963574,1214.22343910561,1768.14616468695
"msnburr2a",50,1,35,"mu",0,0.325554863090073,-0.0606778590841793,0.712104040975424,1.00320860370803,895.728700615574,1474.39058818055
"msnburr2a",50,1,35,"sigma",1,1.02681001123188,0.805557943445828,1.28965712045255,1.00375411567666,1576.06769803499,1620.59739767813
"msnburr2a",50,1,35,"alpha",1,2.08577464075726,0.656577814554132,6.21016717893397,1.00174006306857,1422.6992988356,2388.1440232627
"msnburr2a",50,1,36,"mu",0,-0.0943661804153548,-0.513506310295365,0.304542344520037,1.00298004531786,1037.26715435699,1318.02023777829
"msnburr2a",50,1,36,"sigma",1,1.0961584128915,0.863533690889421,1.38896921561232,1.00202030854255,1549.66570063243,1504.41068899934
"msnburr2a",50,1,36,"alpha",1,1.6834559455473,0.631358972979577,4.1243135267231,1.00124376545496,1792.90631548369,2572.13690098675
"msnburr2a",50,1,37,"mu",0,-0.267693615880328,-0.754896500244841,0.202622032044472,1.00745037621717,624.381245488163,927.480289919448
"msnburr2a",50,1,37,"sigma",1,1.03120677616098,0.816333345366015,1.30421108233031,1.00212194498259,1461.52262639716,1731.41158632048
"msnburr2a",50,1,37,"alpha",1,0.974413474949388,0.325837874920515,2.48405047760191,1.00582144123678,793.150656501557,1491.11573903721
"msnburr2a",50,1,38,"mu",0,0.368561732996721,-0.00589900374502488,0.71973915742578,1.00408578166327,1051.13448021456,1554.82399045926
"msnburr2a",50,1,38,"sigma",1,1.10932511481828,0.883676746729829,1.38903183763246,1.00435459746776,1570.32328699074,1909.73725157032
"msnburr2a",50,1,38,"alpha",1,3.54111552280976,1.07606704587158,10.8880479703201,1.00100431714226,1946.89536650371,2436.80875061198
"msnburr2a",50,1,39,"mu",0,-0.452122456410519,-1.11617937518108,0.161247709458833,1.00569984577223,330.291714876852,653.270747279766
"msnburr2a",50,1,39,"sigma",1,1.1073407184476,0.847580167973109,1.40852504711112,1.00147625190495,1175.2736636274,1486.4527760518
"msnburr2a",50,1,39,"alpha",1,0.676438031714096,0.185107582747852,1.79156760688873,1.00369489122297,408.566310056234,817.349494001033
"msnburr2a",50,1,40,"mu",0,-0.0117407826088821,-0.466558466995869,0.44571730527861,1.00176596748627,749.298329225882,1318.6983254684
"msnburr2a",50,1,40,"sigma",1,1.07988272279834,0.845940712604881,1.37678487282366,1.00259959877039,1400.24178524584,1727.05698424648
"msnburr2a",50,1,40,"alpha",1,0.935582278362577,0.360102134723587,2.32161643097147,1.00118244284732,1085.48958409407,1962.54273399151
"msnburr2a",50,1,41,"mu",0,0.433120248942588,0.0181110228599219,0.838783884183286,1.00174103845385,920.648926932555,1291.11656353113
"msnburr2a",50,1,41,"sigma",1,1.07007765331384,0.847999884213839,1.35503424546209,1.0013789927376,1695.64934525748,1664.01679032668
"msnburr2a",50,1,41,"alpha",1,2.26788962100694,0.650736245256914,6.91114723379953,1.00173231667278,1126.42406267791,1880.86442157296
"msnburr2a",50,1,42,"mu",0,-0.0824714479813483,-0.614433563717019,0.405652038902481,1.00315629384205,753.614938196621,1061.97175374716
"msnburr2a",50,1,42,"sigma",1,1.20391351860621,0.962941626812866,1.51960656211557,1.00228268260251,1610.78544380838,1648.30708026541
"msnburr2a",50,1,42,"alpha",1,2.34607634237267,0.589413784490699,7.71163008556665,1.00135956563687,1068.76765170391,2138.70735807612
"msnburr2a",50,1,43,"mu",0,0.355262842933759,-0.00629716827258615,0.718726375798262,1.00535450993146,509.197722065267,1221.87844548891
"msnburr2a",50,1,43,"sigma",1,0.790973346117101,0.619329227921134,1.01316814501649,1.00315540539189,1237.44716556284,1830.47282005351
"msnburr2a",50,1,43,"alpha",1,1.43770269215345,0.382127694926809,4.98467851322905,1.00406635043158,607.539079771803,1533.55605248882
"msnburr2a",50,1,44,"mu",0,-0.020078713810218,-0.394684124199775,0.340143345788404,1.01070731243299,618.222550331716,816.503185488353
"msnburr2a",50,1,44,"sigma",1,0.83568913324599,0.655640584800762,1.06568581011376,1.00390571314132,1221.76577122703,1778.6496242789
"msnburr2a",50,1,44,"alpha",1,0.959196203560818,0.341152870050764,2.54829191618326,1.00665883140643,894.281047064545,1873.28299962472
"msnburr2a",50,1,45,"mu",0,0.408047417666587,-0.0114025178240607,0.810023143718125,1.00415091677749,882.196372290582,1333.74065478304
"msnburr2a",50,1,45,"sigma",1,0.983319196059425,0.779749678934821,1.23271021281432,1.00210783732082,1524.67590876003,1397.57376710285
"msnburr2a",50,1,45,"alpha",1,2.16775819618039,0.56996029423498,7.37942569311661,1.00294176611373,1156.13895780609,1715.45247784232
"msnburr2a",50,1,46,"mu",0,-0.0838800302491442,-0.572746306186322,0.370235555696748,1.00364756488164,874.392100295739,1238.80489664783
"msnburr2a",50,1,46,"sigma",1,1.16569544954558,0.924250187234888,1.46396057292721,1.00070450624118,1880.18678785785,1851.0559761572
"msnburr2a",50,1,46,"alpha",1,1.37187585261257,0.472110863623594,3.35847021022981,1.00174556299531,1321.56189777512,2409.13070520846
"msnburr2a",50,1,47,"mu",0,-0.154971911749034,-0.597577751800138,0.28264895994563,1.00138344153787,1021.70228860893,1396.57129480118
"msnburr2a",50,1,47,"sigma",1,1.16031212097262,0.923677170176876,1.48156022942337,1.00702600327752,1630.09762684214,1734.02657657869
"msnburr2a",50,1,47,"alpha",1,1.51434729224111,0.561234252787764,3.84254861187407,1.00077035207475,1500.39641739232,2653.35212664651
"msnburr2a",50,1,48,"mu",0,-0.102985801126713,-0.566574607787552,0.341458345411023,1.00799322597872,558.072889417833,919.065327060544
"msnburr2a",50,1,48,"sigma",1,0.945464470941322,0.743942602553908,1.2018774342594,1.00136752924085,1494.13038554416,1910.21295630165
"msnburr2a",50,1,48,"alpha",1,1.59066898608864,0.414959491346563,5.58698544727723,1.00539460384507,721.001541605827,1512.46519276725
"msnburr2a",50,1,49,"mu",0,0.0536391147119705,-0.370023987789287,0.4721812987254,1.00450839356246,1126.19142904066,1434.79752018406
"msnburr2a",50,1,49,"sigma",1,1.1121637421374,0.866627385040575,1.4139268966595,1.00132360893158,1774.13606859164,2144.20130654062
"msnburr2a",50,1,49,"alpha",1,1.29193484988487,0.531078988346972,3.06066635946247,1.00134736788178,1689.48007425876,2654.42257943294
"msnburr2a",50,1,50,"mu",0,0.409574338674445,-0.0986360795261597,0.853507390153528,1.0032474747407,822.539781093973,1155.97895620549
"msnburr2a",50,1,50,"sigma",1,1.20212252410384,0.959177082160348,1.51085734622198,1.00231474366548,1624.41722031781,2016.84173306703
"msnburr2a",50,1,50,"alpha",1,1.99775941605564,0.590908208001577,5.67743602795647,1.00141708314864,1152.42836114223,2158.93715443564
"msnburr2a",50,3,1,"mu",0,-0.262690691966195,-0.698041656680328,0.150806752518091,1.00395506671754,729.031427170481,1374.44587022549
"msnburr2a",50,3,1,"sigma",1,1.01477515180635,0.803349056901551,1.27242497384006,1.00281827729665,1425.37689022427,1867.93838283972
"msnburr2a",50,3,1,"alpha",3,1.69389299574449,0.499346918373923,5.00819344492729,1.0029261277612,989.096099247419,2062.50569907635
"msnburr2a",50,3,2,"mu",0,0.0702608556826693,-0.266021278706977,0.373125997668007,1.00243582930435,1363.68464409556,1655.31517584982
"msnburr2a",50,3,2,"sigma",1,1.00707897062398,0.793961938193624,1.26810338832644,1.00323077783142,1572.61455695106,1463.49200168843
"msnburr2a",50,3,2,"alpha",3,5.19290559306554,1.35346786570339,15.6349990617352,1.00100606385019,2410.14929819608,3008.03042555444
"msnburr2a",50,3,3,"mu",0,-0.10158985520929,-0.479087707254889,0.256043274353521,1.00623072597133,941.28913227595,1261.31882280181
"msnburr2a",50,3,3,"sigma",1,0.9225174942288,0.734392767902673,1.17573009666127,1.00282490632339,1685.39859288013,1723.08849102414
"msnburr2a",50,3,3,"alpha",3,2.33711934384467,0.663259060426118,7.12028552226285,1.00519940853138,1398.59878195971,2290.67162670129
"msnburr2a",50,3,4,"mu",0,0.212546834509171,-0.0986437138117186,0.491777763829663,1.0031923867658,1160.53759144395,1548.2232316371
"msnburr2a",50,3,4,"sigma",1,0.937821695436978,0.744380410203623,1.17741761324452,1.00171141378122,1584.21441481081,1844.9464163092
"msnburr2a",50,3,4,"alpha",3,5.06201742633606,1.33529578499088,15.5590471078078,1.0012591729211,2145.25786942951,3056.44807614521
"msnburr2a",50,3,5,"mu",0,0.0186469237434609,-0.367987867300831,0.344356852904127,1.00504640448379,988.212108976638,1436.04872347423
"msnburr2a",50,3,5,"sigma",1,0.953701582444783,0.764909054092944,1.20548147447273,1.0016977634037,1557.21633210453,1710.85342622113
"msnburr2a",50,3,5,"alpha",3,2.63840379505507,0.775998021108234,7.36412811008038,1.0039849097255,1557.10467397873,2088.02367484797
"msnburr2a",50,3,6,"mu",0,0.194840168338511,-0.143198122782953,0.52857408854539,1.00356182251198,1040.88718470987,1567.25807510094
"msnburr2a",50,3,6,"sigma",1,0.954368938649305,0.757598872652695,1.20402037250321,1.00269442252276,1648.22836712825,1492.32418759833
"msnburr2a",50,3,6,"alpha",3,2.20229637393661,0.774677907753929,5.96620980287081,1.00068588085926,1812.56764889209,2719.0847467423
"msnburr2a",50,3,7,"mu",0,-0.064179857257307,-0.433546290061255,0.236520754069988,1.00102776554466,1083.9105479161,1238.3591397677
"msnburr2a",50,3,7,"sigma",1,0.884443417286318,0.698568311274701,1.09949718018357,1.00176330839426,1552.60637209284,1626.2516164862
"msnburr2a",50,3,7,"alpha",3,2.84661755802596,0.74502527311905,9.16380620953884,1.00054827990366,1592.55038777866,2746.52263956758
"msnburr2a",50,3,8,"mu",0,-0.401344692155949,-0.866350657077805,0.0280639928118515,1.00514681959174,915.910148005977,1151.12249490715
"msnburr2a",50,3,8,"sigma",1,1.15114698439933,0.91376986028278,1.4455741419775,1.00398716087189,1715.76630002946,2190.45088762783
"msnburr2a",50,3,8,"alpha",3,2.02026978952699,0.627358388513224,5.60590294263176,1.0023249864246,1363.38324447803,2634.7984047485
"msnburr2a",50,3,9,"mu",0,0.0612107398457213,-0.257494028243746,0.363717784701585,1.00443500130579,1008.95535137282,1558.07227248571
"msnburr2a",50,3,9,"sigma",1,0.860879233550036,0.682945257696642,1.07881541844035,1.00356813399085,1721.58365672068,1659.43298268851
"msnburr2a",50,3,9,"alpha",3,2.8292387485112,0.774457731740829,9.16763405042749,1.00231505877321,1446.3240500866,2470.39737534551
"msnburr2a",50,3,10,"mu",0,-0.172137248160698,-0.793465958845047,0.373815379500844,1.00553689575689,387.287128914631,623.624650502056
"msnburr2a",50,3,10,"sigma",1,1.14737044102555,0.906811960984247,1.43765641354888,1.00072250339251,1498.47970447397,1639.44255026344
"msnburr2a",50,3,10,"alpha",3,1.70030421708159,0.381870829428775,5.93766739210309,1.00391672128657,475.470484053468,949.623868740837
"msnburr2a",50,3,11,"mu",0,-0.0208501254118616,-0.341440676493162,0.249822307281238,1.00763070361952,1027.96122606121,1348.95864016911
"msnburr2a",50,3,11,"sigma",1,0.85347372820875,0.682259761539189,1.05936242136271,1.00121512719909,1458.65279935539,1723.76909009161
"msnburr2a",50,3,11,"alpha",3,4.43748251661282,1.0336333360207,14.2004810761545,1.00423722249677,1568.28490941373,2084.2289926966
"msnburr2a",50,3,12,"mu",0,-0.179508107195246,-0.583923462620556,0.224350545931738,1.0084310897435,597.279125017236,981.064213972327
"msnburr2a",50,3,12,"sigma",1,0.891328660674098,0.713669731239946,1.1160959936247,1.00192283122556,1640.79636584561,1772.25346686986
"msnburr2a",50,3,12,"alpha",3,1.18642206507021,0.373107620915309,3.26234159008427,1.00598151498474,843.553358742828,1637.03785059004
"msnburr2a",50,3,13,"mu",0,0.120464975817254,-0.242044306857597,0.443202824874622,1.00618035463521,945.746156480013,1478.12778293639
"msnburr2a",50,3,13,"sigma",1,0.974319600675947,0.778506058298847,1.22500892641605,1.00364988984962,1315.91596931696,1538.11239639187
"msnburr2a",50,3,13,"alpha",3,4.34731875466887,1.03927934639873,13.6767963520197,1.0029810166085,1604.4276573252,2968.18780965441
"msnburr2a",50,3,14,"mu",0,0.0761368320577079,-0.276951188059418,0.41363232409324,1.00340272127556,1019.34049857193,1454.73782008317
"msnburr2a",50,3,14,"sigma",1,0.991481425290104,0.800443523147531,1.24721522127855,1.00252174111618,1781.59734980215,2031.77726574657
"msnburr2a",50,3,14,"alpha",3,4.03992750528642,0.98252233970152,13.2575271081056,1.00048851496762,1640.75646066305,2324.47708714235
"msnburr2a",50,3,15,"mu",0,-0.209688990363471,-0.626052468670473,0.179467394912619,1.00211891446159,753.176505874838,1088.78717944832
"msnburr2a",50,3,15,"sigma",1,0.950513467122775,0.759460906606833,1.20992255597853,1.0014749165684,1533.095320674,1661.39850758971
"msnburr2a",50,3,15,"alpha",3,1.75732172657416,0.481075762632223,5.54192939483372,1.00244177013673,962.031078046629,1711.2419919702
"msnburr2a",50,3,16,"mu",0,-0.263855612462482,-0.615816648490082,0.0297271369662061,1.00429197559728,838.003614442521,1315.10131012296
"msnburr2a",50,3,16,"sigma",1,0.793723591574648,0.628122311011669,0.9963205754786,1.00145270890145,1701.5566645882,1988.03764747708
"msnburr2a",50,3,16,"alpha",3,2.41592562561036,0.668895832255831,7.27151692541059,1.00334181745661,1256.97155530254,2018.16590328379
"msnburr2a",50,3,17,"mu",0,-0.00632185015157509,-0.363341983793824,0.340995872005331,1.00731391820019,687.969614687348,1446.56050497216
"msnburr2a",50,3,17,"sigma",1,0.867549861334458,0.672030173107999,1.09780979964867,1.0027684383128,1357.18210830124,1847.53267233078
"msnburr2a",50,3,17,"alpha",3,1.39218057475134,0.47291888130404,3.68197719925626,1.00325750450008,1061.90216174142,2098.8362485829
"msnburr2a",50,3,18,"mu",0,-0.241786366400846,-0.591847071254194,0.0740490786987362,1.00066788540397,794.441542804291,1071.36541461554
"msnburr2a",50,3,18,"sigma",1,0.960095419077373,0.763665904275453,1.20317412861616,1.00368398433844,1524.27532653362,1657.14203354829
"msnburr2a",50,3,18,"alpha",3,3.43697853765225,0.935843912327203,10.738253976213,1.00023118675336,1620.45462363046,2687.59958046018
"msnburr2a",50,3,19,"mu",0,0.214747654982674,-0.132485715039454,0.506863060374164,1.00106404350427,925.697997407291,1551.50817209128
"msnburr2a",50,3,19,"sigma",1,0.847548083461131,0.673716187972945,1.06484799702529,1.00122374631574,1645.21368454375,1966.04018967038
"msnburr2a",50,3,19,"alpha",3,3.36004898010846,0.822907661036912,10.5991844142237,1.00132153958851,1360.50017539174,2860.06388949707
"msnburr2a",50,3,20,"mu",0,-0.0108608762331525,-0.402122174845481,0.343758010515041,1.00304931287804,861.154014886598,1255.98516483466
"msnburr2a",50,3,20,"sigma",1,0.961063743949769,0.763938780593538,1.20586067812183,1.00614131075284,1804.10216765619,1714.71513238533
"msnburr2a",50,3,20,"alpha",3,2.58090788982444,0.710163739125668,8.2876891872996,1.00247242993895,1292.78816703173,2368.5437456825
"msnburr2a",50,3,21,"mu",0,-0.110271407723642,-0.620313425587056,0.337894941118117,1.00633279443031,807.941520096791,1257.70213223889
"msnburr2a",50,3,21,"sigma",1,1.19864167362224,0.958404886891804,1.49847559081068,1.00399027865826,1895.43948498723,2080.27794808462
"msnburr2a",50,3,21,"alpha",3,2.52790999581167,0.655047162675288,8.08782278343057,1.00290159796357,1189.33757942841,1996.04558633792
"msnburr2a",50,3,22,"mu",0,-0.140441451301157,-0.545448014977884,0.229483039995226,1.00516895906246,1064.33540062655,1562.14170364445
"msnburr2a",50,3,22,"sigma",1,1.10132309117618,0.871403835380268,1.37864734708848,1.00068736352102,1675.53498524716,1857.31521328507
"msnburr2a",50,3,22,"alpha",3,2.38122701182892,0.793033793095294,6.64188525608421,1.00264874459372,1751.5489408434,2773.57487297625
"msnburr2a",50,3,23,"mu",0,0.0216912664745989,-0.365558627367709,0.378955082222748,1.00443935285092,957.940110458018,1386.07815981534
"msnburr2a",50,3,23,"sigma",1,0.985124618226938,0.776698208982462,1.24212823460137,1.00210247606816,1528.51275422716,1627.50007004002
"msnburr2a",50,3,23,"alpha",3,2.26808912003678,0.661091265835464,6.88516644982551,1.00093624849171,1399.68453587035,2456.81615306663
"msnburr2a",50,3,24,"mu",0,-0.454187534482483,-0.965354113891063,0.00892858973727451,1.00495995553006,999.193525788526,1382.62241620826
"msnburr2a",50,3,24,"sigma",1,1.32990914315926,1.05834650387607,1.66235077288229,1.00200892452449,1796.60649951554,2237.52280427316
"msnburr2a",50,3,24,"alpha",3,2.45563829791128,0.744990852009878,7.30320784324157,1.00381825052808,1436.40554770912,2433.40876793891
"msnburr2a",50,3,25,"mu",0,-0.235206758242902,-0.623971760924023,0.129368589199177,1.00603829131869,654.045956870914,1011.04748319422
"msnburr2a",50,3,25,"sigma",1,0.842112013811636,0.670206039899595,1.06818194059605,1.0043636977111,1532.23601352301,1797.99528287004
"msnburr2a",50,3,25,"alpha",3,1.6158528892181,0.451746336964217,5.06906740051578,1.00585747293574,842.208590922226,1527.98037396415
"msnburr2a",50,3,26,"mu",0,0.0603133556585611,-0.349259636693359,0.415019256570236,1.00352145221626,812.690558022954,1285.88846148422
"msnburr2a",50,3,26,"sigma",1,0.93257550109848,0.74254966796936,1.16870875626282,1.00325733792078,1549.83670146487,1486.75095406112
"msnburr2a",50,3,26,"alpha",3,2.78137716359595,0.715346408445896,8.6429069925251,1.0019824325261,1306.60552129519,2367.63189992602
"msnburr2a",50,3,27,"mu",0,-0.103137472674479,-0.603466920699845,0.335844071012957,1.00318453097622,817.86949318157,1142.45436050733
"msnburr2a",50,3,27,"sigma",1,1.2129169225298,0.973884746595367,1.51225624665248,1.0009465675121,1789.1458406302,2028.57939030796
"msnburr2a",50,3,27,"alpha",3,3.33988215556777,0.788917691458096,11.0228972119447,1.00265358494994,1118.14467109502,2154.99772707928
"msnburr2a",50,3,28,"mu",0,-0.593056488108916,-1.12894192838052,-0.0735628512040144,1.00845189990365,370.246244744812,587.37920491361
"msnburr2a",50,3,28,"sigma",1,0.898967216271888,0.690708179843749,1.15722189983738,1.00406093661704,958.060719793787,1349.55434894914
"msnburr2a",50,3,28,"alpha",3,1.0660199756825,0.215931688458361,3.74700670011072,1.00797224173957,432.148796812354,772.841175206507
"msnburr2a",50,3,29,"mu",0,0.0923217045568852,-0.345752363807316,0.498243051903196,1.00193763389018,987.271031242599,1526.43380390455
"msnburr2a",50,3,29,"sigma",1,1.18678017345837,0.942540874176047,1.50155325621917,1.00307301053869,1503.72528862113,1707.40478252873
"msnburr2a",50,3,29,"alpha",3,3.21624427963718,0.904816503268201,10.0825848206867,1.00055079157589,1592.99313345239,2492.13779860256
"msnburr2a",50,3,30,"mu",0,-0.0743740974576117,-0.412985320653696,0.251311870900077,1.00420078780858,936.349933633328,1270.34210007318
"msnburr2a",50,3,30,"sigma",1,0.914134181820163,0.722781135447688,1.14974118678509,1.00088281346843,1588.44703159429,1578.59860704833
"msnburr2a",50,3,30,"alpha",3,2.78176336299435,0.826438242482216,8.22007673867907,1.00271005650268,1558.26153733207,2804.61679432389
"msnburr2a",50,3,31,"mu",0,-0.0758800992095539,-0.478959996908371,0.296512342388417,1.0020929889153,897.549618657159,1293.71510290518
"msnburr2a",50,3,31,"sigma",1,0.971386340671337,0.76524197191985,1.23248657845017,1.00116889487078,1631.36604657953,1662.07814537077
"msnburr2a",50,3,31,"alpha",3,1.81863144126841,0.55544885441107,5.33933109687624,1.00108241362956,1198.51187728153,1960.843237536
"msnburr2a",50,3,32,"mu",0,0.0635073358558627,-0.249772565517272,0.349056414783057,1.00313395421272,1283.10804639522,1552.51394633452
"msnburr2a",50,3,32,"sigma",1,0.934356509957226,0.739539617920883,1.17862840120301,1.00235467040007,1513.41749105332,1762.11962638714
"msnburr2a",50,3,32,"alpha",3,6.05361435354972,1.48959117406639,18.7644049159918,1.00126114047824,2393.50213170304,3127.5289598665
"msnburr2a",50,3,33,"mu",0,-0.22068264943549,-0.602775962233503,0.161322618951911,1.00330583985216,894.284356095586,1416.70696358416
"msnburr2a",50,3,33,"sigma",1,0.907786691513757,0.714475632627675,1.15307440861783,1.00274793833333,1447.39257980523,1703.98178912937
"msnburr2a",50,3,33,"alpha",3,1.96657847357516,0.549726961675738,6.07120626000001,1.00225846985549,1157.53405506433,2135.3720445217
"msnburr2a",50,3,34,"mu",0,-0.0869014595744484,-0.481991379665089,0.321316690714628,1.00714207932629,613.868214857378,1190.29389077127
"msnburr2a",50,3,34,"sigma",1,1.00264873147922,0.798728151923783,1.26039904973479,1.00650474384758,1493.85066143987,1160.19071271965
"msnburr2a",50,3,34,"alpha",3,1.6741339316041,0.542870987907044,4.62998393895839,1.00481093725448,935.204425277364,1514.03689047818
"msnburr2a",50,3,35,"mu",0,0.0234141263047319,-0.320422176684272,0.350408121179553,1.0025161230562,1104.43905788234,1573.1088649258
"msnburr2a",50,3,35,"sigma",1,1.00547422866109,0.796602398441158,1.2710404136622,1.00321080133687,1605.46402444068,1600.17610330669
"msnburr2a",50,3,35,"alpha",3,3.87162489418467,1.05186260085687,11.8284454428484,1.00144546108031,2006.5340898786,3096.54812406291
"msnburr2a",50,3,36,"mu",0,-0.125703272630786,-0.483805348568555,0.209098375701275,1.00212038558642,1172.97297984063,1608.63740103581
"msnburr2a",50,3,36,"sigma",1,1.0292969061269,0.812719035226563,1.30906044093496,1.00396473752089,1518.32395297214,1355.17852198535
"msnburr2a",50,3,36,"alpha",3,2.47498987283401,0.823520550058088,7.03928709342077,1.00068725957127,1842.11618147509,2647.16802753737
"msnburr2a",50,3,37,"mu",0,-0.066732825509579,-0.45039291524616,0.27171009357144,1.00441796328085,878.731068920973,1229.22263701532
"msnburr2a",50,3,37,"sigma",1,0.997744052122026,0.804978433129269,1.2524842367737,1.00266322297318,1521.40303384796,1324.52583574946
"msnburr2a",50,3,37,"alpha",3,4.23942444982856,0.960765359899332,13.5739461562783,1.00271487185289,1270.295125403,2509.85401135132
"msnburr2a",50,3,38,"mu",0,0.148113526993633,-0.141453294448538,0.426809298193231,1.00139417681411,1086.54330253022,1483.71017687406
"msnburr2a",50,3,38,"sigma",1,0.841294272740318,0.663934370751304,1.06339178615833,1.00138650732674,1755.86692382602,2039.26431572435
"msnburr2a",50,3,38,"alpha",3,3.42543219403195,0.935489009191737,10.3513297169958,1.0003846720521,1621.51906817911,2725.12652696221
"msnburr2a",50,3,39,"mu",0,-0.144859416999869,-0.469874990087183,0.192301421128638,1.00529475664818,1050.64997060776,1408.6984248005
"msnburr2a",50,3,39,"sigma",1,0.871791571364485,0.682686468633232,1.1084887317488,1.00341524117547,1578.36770433704,1605.32432201046
"msnburr2a",50,3,39,"alpha",3,1.43433623597518,0.533578292162227,3.67137520997113,1.00262356431219,1578.33676654368,1917.94058413608
"msnburr2a",50,3,40,"mu",0,-0.0856981124563929,-0.503105792653664,0.303231363448694,1.00358648037067,1134.07621700294,1411.45445107014
"msnburr2a",50,3,40,"sigma",1,1.12010504323113,0.888540800781529,1.39863182447752,1.0014478540989,1439.41008706967,1728.50790607239
"msnburr2a",50,3,40,"alpha",3,3.35836490466207,0.904382023297955,10.6016291069737,1.00063114434181,1563.58349824889,2191.30836421552
"msnburr2a",50,3,41,"mu",0,-0.092912146358047,-0.494345176008478,0.289559600955325,1.00325945190567,650.326858597019,1267.89118677357
"msnburr2a",50,3,41,"sigma",1,0.911440430128522,0.719126266800145,1.13507271901802,1.00174164790336,1630.14122463955,1807.98517059974
"msnburr2a",50,3,41,"alpha",3,1.84920286167476,0.491812838230952,6.0056135632498,1.00185436377405,871.439022527742,2041.61646187206
"msnburr2a",50,3,42,"mu",0,0.0266856672630822,-0.380409208768226,0.349394905532681,1.00089496005113,822.71376155243,1226.25948621299
"msnburr2a",50,3,42,"sigma",1,0.917766877907441,0.738786398344231,1.14945330046703,1.00286822978495,1573.57534125802,1671.38558457154
"msnburr2a",50,3,42,"alpha",3,2.93921006790058,0.687928879821929,9.35760876072816,1.00110613074153,1135.2032302569,2608.9416200277
"msnburr2a",50,3,43,"mu",0,0.173123676229306,-0.130533406650342,0.487315572616408,1.00381327149065,1202.57392256835,1578.39216763346
"msnburr2a",50,3,43,"sigma",1,0.960037059328627,0.762945896959234,1.19773210895063,1.00379775474318,1617.41280542425,1736.78195150494
"msnburr2a",50,3,43,"alpha",3,4.61651333848852,1.23062966472689,14.4936548011742,1.00198568366075,1963.92285536066,2333.32461472914
"msnburr2a",50,3,44,"mu",0,-0.101972270294028,-0.441403652545503,0.195854574472002,1.003174230209,1112.31943999192,1190.20651006754
"msnburr2a",50,3,44,"sigma",1,0.951810980803793,0.76008520003495,1.20413184379546,1.00075169146398,1717.88950426126,1661.28737019633
"msnburr2a",50,3,44,"alpha",3,4.57375593860143,1.09849506453393,14.4633888950041,1.00170568968369,1796.83914914127,2591.31089789799
"msnburr2a",50,3,45,"mu",0,-0.224688389858948,-0.662065923258503,0.156487726971889,1.0049232212208,886.034656103233,1015.65310363116
"msnburr2a",50,3,45,"sigma",1,1.00417704260861,0.793048751785286,1.25795010218959,1.00232210944928,1702.67136951519,1929.33349226497
"msnburr2a",50,3,45,"alpha",3,2.2909158063589,0.627625407507262,7.34542415565354,1.002650201772,1213.98480168524,2276.55440467404
"msnburr2a",50,3,46,"mu",0,-0.584570615746001,-1.15010181277884,-0.0580301457268738,1.00905303216084,489.454854710513,508.229767289584
"msnburr2a",50,3,46,"sigma",1,0.96191925175772,0.746367156628855,1.22073168960748,1.00350465498989,1199.95781446286,1700.3063008085
"msnburr2a",50,3,46,"alpha",3,0.670266481850957,0.196774611339687,1.73865390952815,1.00731522742757,570.013507019599,671.14793122087
"msnburr2a",50,3,47,"mu",0,-0.056800443638933,-0.42010787172389,0.256966364964368,1.0049816113708,1163.69229936276,1397.74910730987
"msnburr2a",50,3,47,"sigma",1,1.00274079645194,0.799181628600409,1.26186721320338,1.00312500584728,1596.22422361774,1798.6785050439
"msnburr2a",50,3,47,"alpha",3,3.94092460968416,1.05783214119104,12.2335359401886,1.00213556791798,1804.52693079644,3076.26864136252
"msnburr2a",50,3,48,"mu",0,-0.270943975518714,-0.749004814613938,0.154460031437638,1.00327405846721,871.712246519006,1453.89731242186
"msnburr2a",50,3,48,"sigma",1,1.20138123257634,0.955955755336905,1.50838273090714,1.00355730270793,1698.17587314796,2033.98536416966
"msnburr2a",50,3,48,"alpha",3,3.3832141057721,0.871932440476742,10.4502403911779,1.00159194654067,1590.90166514951,2914.31207472481
"msnburr2a",50,3,49,"mu",0,-0.177014318120707,-0.502368220008319,0.100787652251033,1.00546640318762,1127.56844505892,1709.40649918138
"msnburr2a",50,3,49,"sigma",1,0.876189574824203,0.704482667803692,1.09653181021899,1.00232336014871,1355.91954059125,1258.32134743073
"msnburr2a",50,3,49,"alpha",3,4.10258381303275,0.980975698488974,12.8706610134742,1.00268216952659,1791.90370036441,3064.24204176543
"msnburr2a",50,3,50,"mu",0,-0.150385764871215,-0.458829977332284,0.13743799877551,1.00405556405699,1085.83233901642,1564.18390456933
"msnburr2a",50,3,50,"sigma",1,0.857156440749491,0.684460756105882,1.07613747402537,1.00070147034998,1693.33623414932,1892.83481043953
"msnburr2a",50,3,50,"alpha",3,3.72517788487021,0.928724011059414,11.6305203630671,1.00182168120741,1635.84161041947,2620.82709356271
"msnburr2a",200,0.5,1,"mu",0,0.045088895240532,-0.196265482049573,0.285666901867562,1.01132433784624,576.056867008872,1134.53734847695
"msnburr2a",200,0.5,1,"sigma",1,1.01060887370939,0.89320724737457,1.14923129089546,1.00642690931373,1359.86963522905,1337.01028854973
"msnburr2a",200,0.5,1,"alpha",0.5,0.46660324733094,0.295213488242924,0.715233663016894,1.00740759201286,777.187152318348,1909.46899701135
"msnburr2a",200,0.5,2,"mu",0,0.0687001713681655,-0.128862744409684,0.27244352000712,1.00940565635521,776.680366602779,1180.52270834047
"msnburr2a",200,0.5,2,"sigma",1,0.934610685101547,0.830504826142335,1.05655179955081,1.00361316044997,1637.14602863897,1705.07630696016
"msnburr2a",200,0.5,2,"alpha",0.5,0.741265379426104,0.471722855653559,1.13068792648493,1.0051893288439,1146.29964162935,2222.93785162016
"msnburr2a",200,0.5,3,"mu",0,0.0518014754400757,-0.165837262498856,0.267905269552614,1.00357669840673,632.163386959639,1338.11350236182
"msnburr2a",200,0.5,3,"sigma",1,0.970536578443593,0.859492879848469,1.09609199850771,1.00208664071389,1596.34239279892,1616.44144958775
"msnburr2a",200,0.5,3,"alpha",0.5,0.722061460722978,0.452222400444428,1.10484413510337,1.00257216603594,1003.56760522629,2343.70412656543
"msnburr2a",200,0.5,4,"mu",0,-0.173533148644391,-0.394499694570376,0.0404278113847803,1.00336071959988,770.812894114118,1292.28618902898
"msnburr2a",200,0.5,4,"sigma",1,1.05814366703428,0.928594880159578,1.20099823404584,1.0023493394146,1542.2897703161,1665.58623040039
"msnburr2a",200,0.5,4,"alpha",0.5,0.384301114798906,0.262228111913425,0.555209253186839,1.00162847016071,1161.24538065451,2433.96436106399
"msnburr2a",200,0.5,5,"mu",0,0.144227352863822,-0.0747336072009514,0.362940050472132,1.00451319084629,768.608637856493,1485.98101156115
"msnburr2a",200,0.5,5,"sigma",1,1.03625301149226,0.917595726168547,1.17298503254112,1.00210586780392,1556.27649982535,1644.31336263763
"msnburr2a",200,0.5,5,"alpha",0.5,0.647838901096876,0.427174512475051,0.959953555263203,1.00299394397182,1256.84405847376,2452.80290386976
"msnburr2a",200,0.5,6,"mu",0,-0.139686449631863,-0.35319860418994,0.082765253229945,1.00440209012709,706.836985677488,1120.25664277932
"msnburr2a",200,0.5,6,"sigma",1,0.982894002912459,0.868798333244952,1.11535926591032,1.00473315307559,1585.9341657905,1713.35493471062
"msnburr2a",200,0.5,6,"alpha",0.5,0.382162622571811,0.251578936054432,0.560807900787184,1.00168102286802,1014.35890069663,2019.86946378616
"msnburr2a",200,0.5,7,"mu",0,-0.0746682043108402,-0.333782007447325,0.183264341109765,1.00950248457544,592.828059124389,868.626308639053
"msnburr2a",200,0.5,7,"sigma",1,1.05761319594758,0.933377021960555,1.19375389335417,1.00222248335065,1231.35289156113,1588.70232181017
"msnburr2a",200,0.5,7,"alpha",0.5,0.452889491025263,0.279343726622873,0.70010860280868,1.00928620872617,788.87412668624,1613.18231710204
"msnburr2a",200,0.5,8,"mu",0,0.176677807361358,-0.0383539422354198,0.395416810143887,1.00196341526137,817.149903841184,1393.21109150646
"msnburr2a",200,0.5,8,"sigma",1,1.00066683113571,0.887726050555111,1.1221207242594,1.00209621255629,1590.34116281782,2039.71365252896
"msnburr2a",200,0.5,8,"alpha",0.5,1.04988550863525,0.624882144873452,1.75455134723258,1.00204005441809,1210.27199780947,2212.41982110922
"msnburr2a",200,0.5,9,"mu",0,-0.0524103901000329,-0.225434161011486,0.123617707793427,1.01095115750341,752.416899372566,1330.42518569349
"msnburr2a",200,0.5,9,"sigma",1,0.805750516715102,0.711680643843955,0.909512059707782,1.00304676853423,1604.56529388776,1584.36729840988
"msnburr2a",200,0.5,9,"alpha",0.5,0.399942889249961,0.261205786476247,0.584875906808245,1.00692135659009,1059.72619519004,2228.77112985604
"msnburr2a",200,0.5,10,"mu",0,0.115458243837828,-0.0982659759326205,0.330557071127731,1.00239334393903,747.569643170761,1195.13347050326
"msnburr2a",200,0.5,10,"sigma",1,0.922755619690165,0.815647953869105,1.04647034236156,1.00165653549772,1586.48280227126,1656.93173229674
"msnburr2a",200,0.5,10,"alpha",0.5,0.565178183071705,0.357006819457854,0.870345693998477,1.00085779144911,975.757396767573,2272.41240163435
"msnburr2a",200,0.5,11,"mu",0,-0.123962265823526,-0.36259922118655,0.120140929393481,1.00588891905748,588.422889487925,1204.76662333252
"msnburr2a",200,0.5,11,"sigma",1,1.00550547459847,0.886274799881596,1.13488825371706,1.00197624668477,1521.04400984259,1763.34561968004
"msnburr2a",200,0.5,11,"alpha",0.5,0.387530101564041,0.249191267191144,0.577461085007151,1.00269641932107,826.775873458829,1812.64478807045
"msnburr2a",200,0.5,12,"mu",0,0.122304056549346,-0.105364620685765,0.349702674787828,1.00827347017545,830.839887673639,1032.56013994971
"msnburr2a",200,0.5,12,"sigma",1,1.06884136330657,0.941756794274441,1.20553596745869,1.00429654492834,1606.59194510778,2074.63438789335
"msnburr2a",200,0.5,12,"alpha",0.5,0.576908500414389,0.379225324207814,0.851501663386047,1.00406449261751,1257.28374230053,2130.26692603989
"msnburr2a",200,0.5,13,"mu",0,0.186514845093466,-0.0525734538080166,0.433740462982076,1.00627121972366,588.847825565748,927.797953641858
"msnburr2a",200,0.5,13,"sigma",1,0.97079763829318,0.854044603026369,1.09809907533535,1.00148553551377,1404.64295405185,1969.17074992115
"msnburr2a",200,0.5,13,"alpha",0.5,0.684030360897768,0.402071216106285,1.1373760132294,1.00414240328362,799.94135501534,1542.66665613637
"msnburr2a",200,0.5,14,"mu",0,0.0914290081809139,-0.17713390164041,0.348754985393486,1.00560578884835,622.011704862549,899.400349641163
"msnburr2a",200,0.5,14,"sigma",1,1.07899444630142,0.94636750433187,1.21772985782488,1.00362846325587,1225.58912959351,1382.25568413264
"msnburr2a",200,0.5,14,"alpha",0.5,0.581286732086798,0.355409895118473,0.902650313734833,1.00400172766458,848.504090428469,1628.76750122209
"msnburr2a",200,0.5,15,"mu",0,0.211021111899812,-0.0410439113177407,0.47249667442753,1.00597306883721,646.878614470086,1032.21926205795
"msnburr2a",200,0.5,15,"sigma",1,1.09903377668397,0.972205252086066,1.24477948196363,1.00167167233122,1342.79821312861,1586.69353680024
"msnburr2a",200,0.5,15,"alpha",0.5,0.602854876351812,0.371623184422474,0.944971534166632,1.00323431311488,889.157520250203,2215.7846672209
"msnburr2a",200,0.5,16,"mu",0,-0.144512777517556,-0.357648141481865,0.0649261564699665,1.00485523587458,752.221717611757,1219.00134256042
"msnburr2a",200,0.5,16,"sigma",1,0.987469629449493,0.880164772716489,1.11728633076657,1.00437752549399,1602.82211502379,1682.77072641632
"msnburr2a",200,0.5,16,"alpha",0.5,0.521081888762068,0.342682536818935,0.763981994204884,1.00378954577132,1189.20462931714,2494.54523032275
"msnburr2a",200,0.5,17,"mu",0,-0.120263694513448,-0.329756843965048,0.0984247358089857,1.00104421724071,914.119596112617,1209.06187829378
"msnburr2a",200,0.5,17,"sigma",1,1.04555500430355,0.923183742707258,1.18353302231187,1.00217454394565,1499.95138895285,1789.72949147221
"msnburr2a",200,0.5,17,"alpha",0.5,0.552504713768171,0.371797799420758,0.800180698328923,1.00096998912968,1515.0885774584,2444.33530041128
"msnburr2a",200,0.5,18,"mu",0,0.0350432934103675,-0.153960636944497,0.221706735340281,1.00239523954106,880.942412807402,1261.79229767747
"msnburr2a",200,0.5,18,"sigma",1,0.920863040995737,0.814100365449376,1.03698008063734,1.00230477202197,1565.02996176158,1975.83496601225
"msnburr2a",200,0.5,18,"alpha",0.5,0.512212015092948,0.348196580023602,0.740738190759228,1.0018636784664,1373.49950288729,2096.80566727867
"msnburr2a",200,0.5,19,"mu",0,0.0796921354616182,-0.190799956884622,0.36166882151535,1.01740171078063,332.608037564999,783.973417352472
"msnburr2a",200,0.5,19,"sigma",1,1.00676172744016,0.890302584810868,1.14295449584616,1.00758558133845,1167.91182238836,1785.29702576373
"msnburr2a",200,0.5,19,"alpha",0.5,0.526428723213658,0.30122685087563,0.874318753647602,1.0127240555407,465.638373131433,1457.11618222168
"msnburr2a",200,0.5,20,"mu",0,0.029243612226308,-0.203097248343898,0.259014082672885,1.00420594509963,667.284922141773,1060.66032467208
"msnburr2a",200,0.5,20,"sigma",1,1.04219871105248,0.922850784258567,1.17608627540678,1.0032253903331,1514.42099246759,1797.98616843804
"msnburr2a",200,0.5,20,"alpha",0.5,0.493390908321704,0.318037698847698,0.732501973441121,1.00198561896705,958.604363763347,2072.32582277445
"msnburr2a",200,0.5,21,"mu",0,-0.00420402815977222,-0.260175605175547,0.244007663982094,1.00124214099222,677.891862317747,1109.9198259424
"msnburr2a",200,0.5,21,"sigma",1,1.05006434015702,0.928263970875072,1.18822072486471,1.00374059146535,1303.46172403882,1765.05940894261
"msnburr2a",200,0.5,21,"alpha",0.5,0.538575510697426,0.332454473803396,0.838048163964376,1.00141663219244,884.802453704613,1972.34394207225
"msnburr2a",200,0.5,22,"mu",0,0.00584863485243313,-0.269214889321478,0.274825800206813,1.00117016970524,628.902725932523,924.562124838659
"msnburr2a",200,0.5,22,"sigma",1,1.14508729792256,1.01439763043916,1.30268936879747,1.00408638452617,1471.62103000422,1604.63286832322
"msnburr2a",200,0.5,22,"alpha",0.5,0.535261823068984,0.336265678263187,0.814658228453008,1.00135547829684,864.855356069773,1768.45400588849
"msnburr2a",200,0.5,23,"mu",0,-0.0591382516142838,-0.250544099827297,0.132915847722428,1.00433564402589,641.684337459588,960.540334382144
"msnburr2a",200,0.5,23,"sigma",1,0.906014810867132,0.800691726871544,1.02412854336457,1.00141928253511,1599.95242326986,1915.38250976793
"msnburr2a",200,0.5,23,"alpha",0.5,0.469534605957492,0.314407428496579,0.677322052939161,1.00212299778215,1046.17879535537,2600.26590034013
"msnburr2a",200,0.5,24,"mu",0,-0.0187769487118001,-0.238353252187192,0.203732174023636,1.00932884675258,665.328765853763,1195.2716008352
"msnburr2a",200,0.5,24,"sigma",1,1.03594855606717,0.914841786518422,1.17313567680318,1.00289646867194,1569.92208527364,1571.09128787655
"msnburr2a",200,0.5,24,"alpha",0.5,0.436213914321026,0.290192588614531,0.650394895585648,1.00510401435643,998.217636959237,2604.42540866684
"msnburr2a",200,0.5,25,"mu",0,0.0268191574281761,-0.216712609096475,0.276794735757458,1.00997995367264,525.321697028236,931.196692804641
"msnburr2a",200,0.5,25,"sigma",1,0.970730353222412,0.854848289992588,1.10520178563081,1.00244318378802,1152.00895831675,1571.74292602847
"msnburr2a",200,0.5,25,"alpha",0.5,0.533341833070923,0.321269442330598,0.858309516950631,1.00652658081142,682.923013824097,1625.22285033387
"msnburr2a",200,0.5,26,"mu",0,-0.0281684054734612,-0.220135925741708,0.176688329854757,1.00288860904779,857.746511264994,1337.63467329153
"msnburr2a",200,0.5,26,"sigma",1,0.965321951544541,0.857694176641425,1.09214569620479,1.00249988002447,1753.41067805337,2086.37813932236
"msnburr2a",200,0.5,26,"alpha",0.5,0.510003110753724,0.341362637608988,0.740674411918237,1.00263817561367,1269.89947541675,2144.98611539284
"msnburr2a",200,0.5,27,"mu",0,-0.0521054705946175,-0.270840649346586,0.156788376157268,1.00352529081626,755.011529281168,1077.35752197329
"msnburr2a",200,0.5,27,"sigma",1,0.978679404025986,0.86566016156419,1.10588491322347,1.00136184369804,1776.46328301757,1879.91770591257
"msnburr2a",200,0.5,27,"alpha",0.5,0.550421393458657,0.356583702021106,0.822459657280235,1.00195237048108,1050.66344916926,1787.17312935416
"msnburr2a",200,0.5,28,"mu",0,-0.107749756542095,-0.322956502128894,0.0853721847598658,1.00676488307134,717.830036968022,1202.67969654099
"msnburr2a",200,0.5,28,"sigma",1,0.912107993766294,0.80775928531087,1.03570920723385,1.00183344801386,1308.78407679231,1573.20269247702
"msnburr2a",200,0.5,28,"alpha",0.5,0.552695191591403,0.354421639313621,0.837540732539312,1.00351092499726,1031.75566123659,2079.12901720861
"msnburr2a",200,0.5,29,"mu",0,0.0213295788534881,-0.192140016201953,0.247512302474402,1.00376750788168,665.694035954591,1165.56785240059
"msnburr2a",200,0.5,29,"sigma",1,0.977345835061383,0.863384485718499,1.1040687017918,1.00064818571755,1477.65818520253,1891.99958520798
"msnburr2a",200,0.5,29,"alpha",0.5,0.539106543771618,0.344305988084048,0.827080800334415,1.00193657802961,951.126034456453,2112.26178591902
"msnburr2a",200,0.5,30,"mu",0,-0.0693432623665352,-0.299446810073878,0.171084948582316,1.01428248010137,660.794311029249,1207.72942497985
"msnburr2a",200,0.5,30,"sigma",1,1.03225029317198,0.904871475878066,1.17122345336432,1.00325387720706,1411.38824472553,1500.57306669681
"msnburr2a",200,0.5,30,"alpha",0.5,0.392187627816045,0.255992789316492,0.587276744169996,1.01103369004997,899.818134302134,1700.66461908129
"msnburr2a",200,0.5,31,"mu",0,0.0720666034216821,-0.222126510161151,0.359184678774995,1.01229270346861,399.043873978629,1066.0284901448
"msnburr2a",200,0.5,31,"sigma",1,1.0871866684049,0.957103301305545,1.22755559885313,1.00499734310323,1213.37917286822,1804.97985218401
"msnburr2a",200,0.5,31,"alpha",0.5,0.556654861303279,0.325687983275368,0.9073094998801,1.00975715436553,523.692380171837,1405.46494222943
"msnburr2a",200,0.5,32,"mu",0,0.200118731872581,-0.041486843628424,0.427482315660194,1.00598723632519,784.24739265223,1032.73925531967
"msnburr2a",200,0.5,32,"sigma",1,1.09032384745891,0.970511880027742,1.22687057656937,1.00252110336037,1495.05070579649,1983.62410363136
"msnburr2a",200,0.5,32,"alpha",0.5,0.667403007379615,0.42414709812061,1.00468007716475,1.00382578294526,1105.35358099588,2124.05784461926
"msnburr2a",200,0.5,33,"mu",0,-0.144136336226525,-0.355464128379716,0.0682850278874167,1.00798152551717,656.999108880661,1139.08527375423
"msnburr2a",200,0.5,33,"sigma",1,0.987270464033748,0.873884709561964,1.11929590181286,1.00160288033211,1230.0760072943,1862.7359234072
"msnburr2a",200,0.5,33,"alpha",0.5,0.448715541933986,0.301033435461444,0.655284152606533,1.00502825603846,1005.29779951651,2130.14528273183
"msnburr2a",200,0.5,34,"mu",0,-0.0146922974505636,-0.2372501835659,0.218712286931814,1.01080130465463,487.938229151786,1093.65568450064
"msnburr2a",200,0.5,34,"sigma",1,1.00011645405527,0.88300700934507,1.13411684745142,1.00730823841818,1228.84279158274,1692.9884609914
"msnburr2a",200,0.5,34,"alpha",0.5,0.492626675503821,0.3171143389511,0.750684299189385,1.00749832636883,732.94138954571,1953.34103863867
"msnburr2a",200,0.5,35,"mu",0,-0.0108497322189601,-0.233094559540421,0.207388835115579,1.00593341094011,576.936785472148,1097.88296895774
"msnburr2a",200,0.5,35,"sigma",1,1.03166762366884,0.912655677864426,1.16586739214765,1.00266563759634,1579.66879975084,1973.64263756337
"msnburr2a",200,0.5,35,"alpha",0.5,0.703729214289339,0.44839224142663,1.08404431404773,1.00410742002156,1001.78628352738,2393.77830171774
"msnburr2a",200,0.5,36,"mu",0,0.0130347411692897,-0.220486049529909,0.251727010472777,1.00518113651429,639.920411798742,1131.99571262084
"msnburr2a",200,0.5,36,"sigma",1,1.02207124938285,0.898773887446534,1.15257788917066,1.00210429543287,1406.78421892218,1822.13529787762
"msnburr2a",200,0.5,36,"alpha",0.5,0.650636804574531,0.398856312701033,1.02109771215566,1.00468005953832,822.563775214388,1867.48610729936
"msnburr2a",200,0.5,37,"mu",0,0.0300707448698695,-0.230770131594015,0.269039901564247,1.00337282728457,470.576420825352,882.334960612554
"msnburr2a",200,0.5,37,"sigma",1,1.01067348301446,0.891925751217932,1.14311741778658,1.00381251955367,1262.70272850528,1664.30614727576
"msnburr2a",200,0.5,37,"alpha",0.5,0.487254572043521,0.296086255306737,0.75415407874656,1.00314141652531,574.412334234717,1317.89046497178
"msnburr2a",200,0.5,38,"mu",0,0.0965811847693397,-0.122606490324942,0.320636665144914,1.00978927703694,570.057945931825,1217.34298970649
"msnburr2a",200,0.5,38,"sigma",1,0.973099867546595,0.858722030128632,1.10327915490334,1.00125073910737,1588.5439187809,1767.52477908384
"msnburr2a",200,0.5,38,"alpha",0.5,0.453127520430945,0.292320522965386,0.687504654569394,1.00682589713711,891.665140562524,2110.05459009218
"msnburr2a",200,0.5,39,"mu",0,0.0736401133197835,-0.170013286913139,0.313879343548579,1.00274584708316,825.861991269485,1401.47045643658
"msnburr2a",200,0.5,39,"sigma",1,1.09614040415587,0.970835643140701,1.24378397431131,1.00126711418976,1585.45902440198,1575.49569027165
"msnburr2a",200,0.5,39,"alpha",0.5,0.591653046916758,0.381685473008957,0.897226182914536,1.00139674521811,1212.00560788272,2619.54349696317
"msnburr2a",200,0.5,40,"mu",0,-0.00585239866343056,-0.240516647687559,0.209305805673424,1.00390737489707,920.212356596357,1274.28840580293
"msnburr2a",200,0.5,40,"sigma",1,1.07130661491809,0.946428848873414,1.21265932711855,1.0022724667319,1592.86911387414,1763.68487742983
"msnburr2a",200,0.5,40,"alpha",0.5,0.556750641057281,0.369663826495484,0.810118965885786,1.00241565209674,1375.05973215737,2780.76050395377
"msnburr2a",200,0.5,41,"mu",0,-0.129446030376045,-0.348238925990744,0.0982595064829056,1.0046680739206,711.700705011077,1265.91716454648
"msnburr2a",200,0.5,41,"sigma",1,1.00008151367067,0.88819467402908,1.13261251192019,1.00121612450099,1512.18633061802,1728.41204235733
"msnburr2a",200,0.5,41,"alpha",0.5,0.463154102772522,0.298656706050273,0.690023282175666,1.00291830275801,1016.10364719885,2319.14902049455
"msnburr2a",200,0.5,42,"mu",0,-0.0289522832499867,-0.245979765702375,0.183673003392845,1.00769584940264,548.997702060378,1150.13306902839
"msnburr2a",200,0.5,42,"sigma",1,0.937428595603558,0.82789471447116,1.0609156730236,1.00178918332303,1306.68377017077,1931.89968588242
"msnburr2a",200,0.5,42,"alpha",0.5,0.386307941378539,0.247150188490201,0.574334628278696,1.00604457547043,784.879590045531,1851.62967898175
"msnburr2a",200,0.5,43,"mu",0,0.0703943201800247,-0.176367116361956,0.3173589596304,1.00995203981242,634.870709250099,982.656103943797
"msnburr2a",200,0.5,43,"sigma",1,1.05855097511264,0.944002939970335,1.19209381721984,1.00489205411572,1498.17535795071,1773.18381202421
"msnburr2a",200,0.5,43,"alpha",0.5,0.630583054614421,0.397490577291563,0.992732144746834,1.00669007566827,862.662921653662,1773.98384390315
"msnburr2a",200,0.5,44,"mu",0,0.174531412480251,-0.0330319334908299,0.400348943880014,1.00375599025021,601.243757259243,1097.01850940909
"msnburr2a",200,0.5,44,"sigma",1,0.947798600409525,0.841263178830443,1.06216335881116,1.00279154760304,1426.6861095034,1848.03667527457
"msnburr2a",200,0.5,44,"alpha",0.5,0.695404978436573,0.438027600522659,1.08985715293688,1.00245539965959,860.182252007081,1540.38337515111
"msnburr2a",200,0.5,45,"mu",0,-0.0755543764355235,-0.295242804422075,0.143702071379101,1.00442007797206,606.806149362159,1051.91126539101
"msnburr2a",200,0.5,45,"sigma",1,0.956416025585144,0.84264971214439,1.08495749889331,1.00469638563457,1278.1569298682,1718.26867201608
"msnburr2a",200,0.5,45,"alpha",0.5,0.415178760210274,0.26469896410815,0.622782975027469,1.00291998611769,869.951238457673,2134.138603673
"msnburr2a",200,0.5,46,"mu",0,-0.154004452772907,-0.427906302754453,0.125178545232906,1.00685860417326,374.893437676373,756.457770943422
"msnburr2a",200,0.5,46,"sigma",1,1.09540360439974,0.958738068555097,1.25124656170055,1.00171864662407,1200.76556101428,1743.78166076191
"msnburr2a",200,0.5,46,"alpha",0.5,0.307673752373926,0.18887904455401,0.476037043058086,1.00527747860881,517.789145990718,1706.02388316963
"msnburr2a",200,0.5,47,"mu",0,-0.011367399919243,-0.248290981839902,0.238605677154377,1.00571804655654,595.580823598926,927.556335826481
"msnburr2a",200,0.5,47,"sigma",1,1.01722325472137,0.896062273323609,1.14936226658434,1.00441869842792,1643.60413743048,2046.51918595846
"msnburr2a",200,0.5,47,"alpha",0.5,0.49738909134858,0.307459312943254,0.768996056764713,1.00349185532111,840.512686137532,1810.03324162678
"msnburr2a",200,0.5,48,"mu",0,0.234048172172766,0.0297510737218481,0.438452494566476,1.00114225158174,909.68100267135,1261.78066505586
"msnburr2a",200,0.5,48,"sigma",1,1.03787033736593,0.922141644129726,1.17056742128274,1.00079453066982,1595.25637844436,1807.08825264356
"msnburr2a",200,0.5,48,"alpha",0.5,1.01666275365799,0.631761478255602,1.6335989392136,1.00074982891485,1430.32513173122,2604.65749063334
"msnburr2a",200,0.5,49,"mu",0,0.00200324384999079,-0.23910221875598,0.237309886968923,1.00917427988453,697.507045025067,1236.98062232318
"msnburr2a",200,0.5,49,"sigma",1,1.02636989881352,0.907736110179006,1.15550768879512,1.00342947504962,1576.50928807602,2051.15802763817
"msnburr2a",200,0.5,49,"alpha",0.5,0.590760757403557,0.374290149568189,0.897600720847545,1.00745377548391,996.028540467727,1863.46142491939
"msnburr2a",200,0.5,50,"mu",0,0.0242153568411577,-0.242144156670627,0.3112749158064,1.01165229033941,598.473525745457,825.051829501135
"msnburr2a",200,0.5,50,"sigma",1,1.14564656565925,1.0150599924472,1.301974851372,1.00664580275743,1325.1140186501,1667.80265253882
"msnburr2a",200,0.5,50,"alpha",0.5,0.544861369814142,0.339642906658855,0.86668291635693,1.0090902717881,754.786719874879,1768.22038274789
"msnburr2a",200,1,1,"mu",0,-0.0433974012445106,-0.234762614015216,0.14680165987474,1.0035493004861,892.548374556507,1493.10147647668
"msnburr2a",200,1,1,"sigma",1,0.953774766444241,0.846967609745827,1.07517421402214,1.00723693820091,1758.84182943423,1971.55035286552
"msnburr2a",200,1,1,"alpha",1,0.818992508866699,0.536676708029804,1.24320420110375,1.00199870079202,1559.6916150052,3041.75802705339
"msnburr2a",200,1,2,"mu",0,0.122975675237195,-0.107134352418899,0.317064861501827,1.00542887944947,708.588563915686,900.045434031324
"msnburr2a",200,1,2,"sigma",1,0.901390504238743,0.80407569514803,1.00390352649475,1.00484419751713,1540.71022799618,1998.36230982141
"msnburr2a",200,1,2,"alpha",1,1.65225145048612,0.819414091342534,3.1298951076939,1.00325817595003,1000.28657536228,1642.99955067063
"msnburr2a",200,1,3,"mu",0,0.0746365868713565,-0.147692643469858,0.293036454227766,1.00475822957367,779.766838277937,1091.24277854368
"msnburr2a",200,1,3,"sigma",1,0.994498106556587,0.881138478943925,1.1266995335251,1.00087533045894,1502.62565300878,1512.00623343626
"msnburr2a",200,1,3,"alpha",1,0.749916609168852,0.473464379271903,1.16402169599278,1.00158575038024,1164.42258924732,1965.72596880058
"msnburr2a",200,1,4,"mu",0,-0.0192590481546996,-0.249581888725354,0.212893420771629,1.0093480624164,827.626444674823,1409.96524296946
"msnburr2a",200,1,4,"sigma",1,1.09148128984746,0.9687885153676,1.22848244057355,1.00189948535758,1498.62760572956,1909.79681818562
"msnburr2a",200,1,4,"alpha",1,1.45857781340213,0.826040674902246,2.53550488091571,1.00536020398213,1161.83536518806,2562.51580427878
"msnburr2a",200,1,5,"mu",0,0.0636845113247358,-0.182014670466963,0.312078402881549,1.01120734779296,485.569685972226,1054.97001902402
"msnburr2a",200,1,5,"sigma",1,1.0105175227212,0.893832564542526,1.14044179263921,1.00345297976197,1458.15925589586,1877.81939167919
"msnburr2a",200,1,5,"alpha",1,0.904289143095488,0.512095863807671,1.57253571279948,1.00849340769914,636.571395365537,1588.12324787823
"msnburr2a",200,1,6,"mu",0,-0.100041104700852,-0.312788372197702,0.107590140130149,1.00326309163833,806.996538124612,1316.05686080917
"msnburr2a",200,1,6,"sigma",1,1.0059171514494,0.892930040951941,1.1343906712754,1.00189176283094,1953.77095981913,2042.07198518558
"msnburr2a",200,1,6,"alpha",1,0.837960205777523,0.522680006849255,1.28323843062216,1.00202446626712,1217.18129474975,2896.75718767431
"msnburr2a",200,1,7,"mu",0,0.000241324759160631,-0.279030995858948,0.285774976657714,1.00871692735778,608.637752185001,1214.14609264654
"msnburr2a",200,1,7,"sigma",1,1.12191111567929,0.999933977388391,1.2620629378484,1.00290165638083,1762.22233637695,2104.6329025641
"msnburr2a",200,1,7,"alpha",1,1.10900377598696,0.591364083754883,2.10152384110719,1.00576303406803,772.532478563214,1505.13084716037
"msnburr2a",200,1,8,"mu",0,-0.0166442171740693,-0.246916222703056,0.221431155205531,1.00690454771121,577.47895567048,1143.82807079885
"msnburr2a",200,1,8,"sigma",1,0.949116532016544,0.843643503263871,1.06461182303014,1.00191718309536,1627.17309168183,1741.31693996682
"msnburr2a",200,1,8,"alpha",1,1.42945587698388,0.728057929276725,2.89771456058901,1.00500050050615,759.194801048178,1823.48155979369
"msnburr2a",200,1,9,"mu",0,-0.167299024625044,-0.378224640857608,0.0564940491604652,1.00667915208244,656.836864668523,1164.26336485756
"msnburr2a",200,1,9,"sigma",1,0.929981998991039,0.824470858240495,1.04841040414373,1.00516264213199,1439.86793770617,1776.65309244678
"msnburr2a",200,1,9,"alpha",1,0.949727701253724,0.555813538737698,1.6471043500787,1.00479013166059,929.079754086771,1586.26908980642
"msnburr2a",200,1,10,"mu",0,0.0311423306764117,-0.179874494995013,0.233128444948883,1.00309665948091,886.297497754236,1366.28080445101
"msnburr2a",200,1,10,"sigma",1,1.0415874350525,0.924251919814386,1.17701148086721,1.00406343633184,1449.13415129161,1605.85567404418
"msnburr2a",200,1,10,"alpha",1,0.985754684671436,0.629138519088097,1.50046844660327,1.00143143084747,1412.91799890364,2560.74909295119
"msnburr2a",200,1,11,"mu",0,0.0357989909483906,-0.191849224562358,0.271432841689442,1.00588628369663,579.994112452368,1114.94645750994
"msnburr2a",200,1,11,"sigma",1,1.03567368654981,0.920947685658209,1.17441092063831,1.00156534364268,1362.51032522624,1940.38189074663
"msnburr2a",200,1,11,"alpha",1,1.5389140744971,0.8195471104587,2.96473419070617,1.00299204698631,935.888303144497,1774.47551408307
"msnburr2a",200,1,12,"mu",0,0.0532447304929233,-0.150991205897621,0.252483138070376,1.00525775066523,1011.91585928161,1416.0871472892
"msnburr2a",200,1,12,"sigma",1,1.02298523489546,0.910774433124345,1.14807511276152,1.00146516801138,1691.03588710486,1910.1838176176
"msnburr2a",200,1,12,"alpha",1,1.0230928423597,0.642959440432055,1.57924774745067,1.0031950717742,1591.50191149721,2490.27936601319
"msnburr2a",200,1,13,"mu",0,0.0821813967715123,-0.138752958308573,0.322846026252295,1.00801603785484,713.905952177366,1003.68602070175
"msnburr2a",200,1,13,"sigma",1,1.02731657775198,0.914847459377555,1.15412181371597,1.00348055574652,1121.57261819875,1651.85555227909
"msnburr2a",200,1,13,"alpha",1,1.57670353524833,0.843318013080828,3.09899599779256,1.00707104254982,984.759483142346,1615.24831983713
"msnburr2a",200,1,14,"mu",0,-0.257020107276142,-0.493227091419261,-0.0323031965440046,1.00701380294949,907.135481476725,1114.93456425193
"msnburr2a",200,1,14,"sigma",1,1.11490898088409,0.984988842123946,1.25666901637341,1.00231465523885,1641.34788122055,1772.98147287156
"msnburr2a",200,1,14,"alpha",1,0.631732266082953,0.418220679852399,0.92360501288311,1.00458447024814,1327.67569039965,2492.18117536158
"msnburr2a",200,1,15,"mu",0,-0.132202141545125,-0.34267267789233,0.0628284321614677,1.00328485593382,921.856943422214,1310.29046701608
"msnburr2a",200,1,15,"sigma",1,0.98768793479074,0.878639877638998,1.10927388243223,1.00284201211475,1722.28143920318,2028.12357710497
"msnburr2a",200,1,15,"alpha",1,0.995957559147944,0.626829216658512,1.52944529894021,1.00277020904549,1354.42121811238,2688.2467933145
"msnburr2a",200,1,16,"mu",0,0.166162981694891,-0.0267305717007237,0.344198230082878,1.00282531248645,1012.62163455177,1187.60321533029
"msnburr2a",200,1,16,"sigma",1,1.00318214049555,0.896061082703355,1.11908746736351,1.00122259811891,1830.43431135388,1977.87012933111
"msnburr2a",200,1,16,"alpha",1,1.71924579851474,0.998307229219568,2.93049752128527,1.00232957511505,1718.63354640649,2929.10975106737
"msnburr2a",200,1,17,"mu",0,0.097129344766494,-0.108327542705743,0.298992504464182,1.0086662489371,664.732429106289,1296.16467606886
"msnburr2a",200,1,17,"sigma",1,1.00273583237092,0.891399291061832,1.1182327359961,1.00290158494719,1554.14918869076,1813.93855092931
"msnburr2a",200,1,17,"alpha",1,1.3636281537643,0.796245903956061,2.35485356517639,1.00355853538322,1297.79020048095,2790.00759170865
"msnburr2a",200,1,18,"mu",0,0.13308662428519,-0.0830464842226814,0.359210127305307,1.01022400924482,758.505448937434,1139.35962395318
"msnburr2a",200,1,18,"sigma",1,1.03743728704764,0.915925838166433,1.16295580638461,1.00286447023278,1684.92125556175,2034.35952038108
"msnburr2a",200,1,18,"alpha",1,1.2549979825756,0.729173876427483,2.19774177736741,1.00679391195325,1059.23004071327,1265.9587005842
"msnburr2a",200,1,19,"mu",0,-0.142064201978174,-0.344419656108674,0.0512169694792884,1.00437866912813,1059.7508627017,1603.50239773251
"msnburr2a",200,1,19,"sigma",1,1.05324655389555,0.936108591235875,1.18894234222915,1.00202026635954,1856.20584207719,1936.98259227381
"msnburr2a",200,1,19,"alpha",1,0.976231864579075,0.636164943816884,1.46815906615075,1.00272366057376,1779.90498134192,3438.37493780499
"msnburr2a",200,1,20,"mu",0,-0.137426191491133,-0.354553472631299,0.0792755334517929,1.01278783621733,726.5002914943,1177.36641726308
"msnburr2a",200,1,20,"sigma",1,0.98324489390984,0.870288618979749,1.11210576665793,1.00185210916399,1814.79792006343,1852.65262308561
"msnburr2a",200,1,20,"alpha",1,0.938796219503415,0.576421602227055,1.49370756580406,1.00853176345885,1079.17876320737,2290.19444892083
"msnburr2a",200,1,21,"mu",0,-0.00646750374697487,-0.243926321082977,0.255249661867914,1.00750391262147,709.302429565723,1019.01419973943
"msnburr2a",200,1,21,"sigma",1,1.0702293783538,0.947951607193863,1.21281674103216,1.0024719282212,1603.51718845755,1818.67294894138
"msnburr2a",200,1,21,"alpha",1,1.04921669512813,0.609988219805896,1.81494694112179,1.00267022304715,954.516649530018,1649.23684394513
"msnburr2a",200,1,22,"mu",0,-0.193989566476103,-0.402716812280424,0.0240029367333212,1.00339831314248,832.234281254178,1323.84042429665
"msnburr2a",200,1,22,"sigma",1,0.987468867331556,0.876142370992527,1.11474452444083,1.00283177016649,1624.18476733559,2136.25139002022
"msnburr2a",200,1,22,"alpha",1,0.852812342942947,0.524620544088171,1.34089743287389,1.00111678163169,1273.54243882802,2622.29161493743
"msnburr2a",200,1,23,"mu",0,0.106070215789854,-0.0837708335999554,0.301659841639738,1.00574568038672,1001.25870661131,1395.20464839984
"msnburr2a",200,1,23,"sigma",1,0.919495704006958,0.818574107937558,1.03539154978443,1.00600917668773,1836.6077811584,1925.08835331404
"msnburr2a",200,1,23,"alpha",1,1.48616918459119,0.840912067095941,2.62755188574409,1.0035007215895,1385.75982409438,2349.48986655607
"msnburr2a",200,1,24,"mu",0,-0.104844218378482,-0.316630273804745,0.101163248453605,1.00117627353198,1001.90209021824,1413.84110824062
"msnburr2a",200,1,24,"sigma",1,1.0079993402513,0.893912899744751,1.139545761705,1.00273007979387,1635.6903275462,1662.47019564636
"msnburr2a",200,1,24,"alpha",1,0.719312800739054,0.469198308129426,1.07574674264925,1.00062332664889,1535.5051468851,2928.48579828236
"msnburr2a",200,1,25,"mu",0,-0.00184273971000059,-0.227459339897138,0.222687900855029,1.00849414989929,773.44486568527,1237.06058903763
"msnburr2a",200,1,25,"sigma",1,1.05835060101675,0.939783455868672,1.19522829017854,1.00418019949491,1336.46490417381,1531.15026754561
"msnburr2a",200,1,25,"alpha",1,1.27005792656751,0.728512028486165,2.1907267692458,1.00642614906426,1163.8831320964,2369.57806362004
"msnburr2a",200,1,26,"mu",0,0.133302161362722,-0.104117091955134,0.365584462862475,1.01130086366559,854.213897351386,1299.93881460216
"msnburr2a",200,1,26,"sigma",1,1.0671357475576,0.946458744601178,1.20408675051011,1.00279918372264,1541.2893265697,1905.93202534514
"msnburr2a",200,1,26,"alpha",1,1.13969552184292,0.669333507706279,1.95267767753437,1.00734989477295,1227.68977097765,2071.08581481467
"msnburr2a",200,1,27,"mu",0,0.0423001021277965,-0.184329678822729,0.248000156603841,1.00758872244861,680.669898863569,1201.46200351966
"msnburr2a",200,1,27,"sigma",1,0.949341956229784,0.845825223643735,1.06547646382754,1.00119676671892,1721.38116528216,2068.42817637609
"msnburr2a",200,1,27,"alpha",1,1.49357689230667,0.771359559479523,2.84324748197808,1.00438454461353,898.411352358057,2041.81310816175
"msnburr2a",200,1,28,"mu",0,-0.0201501609614026,-0.24394075780191,0.185422146961148,1.00382586125036,721.826848510951,1054.30293722682
"msnburr2a",200,1,28,"sigma",1,0.962930709488778,0.861236497183093,1.0798620835345,1.0018741068392,1719.3143799355,1640.42398090475
"msnburr2a",200,1,28,"alpha",1,1.19058455626877,0.6842242652827,2.04191871100696,1.00204193833555,1002.50305285658,1972.41260292474
"msnburr2a",200,1,29,"mu",0,-0.0518110313153646,-0.271166380954122,0.158447171000613,1.00461289563448,855.182389193615,1127.7639404058
"msnburr2a",200,1,29,"sigma",1,0.948568982564492,0.845186961803613,1.06928281961412,1.00258065350858,1776.33469558629,1928.54601432923
"msnburr2a",200,1,29,"alpha",1,0.825210430709661,0.507580343474245,1.30527722042422,1.00195615785357,1198.80773211091,2160.92350946995
"msnburr2a",200,1,30,"mu",0,0.123295673540204,-0.0985489678579466,0.329487276187291,1.00591436290714,835.930510849768,1196.91153125249
"msnburr2a",200,1,30,"sigma",1,0.973268803137149,0.866386656324572,1.09741312286301,1.00258142589675,1681.45531128618,1947.85729420211
"msnburr2a",200,1,30,"alpha",1,1.37904594391625,0.762187478114123,2.46141617037082,1.00415248340764,1180.00183290934,2066.38148831715
"msnburr2a",200,1,31,"mu",0,-0.0925805040878813,-0.31287457670269,0.131947947178063,1.0013276554159,780.297432381724,1088.64652776798
"msnburr2a",200,1,31,"sigma",1,0.98252600092308,0.873308299548661,1.09919618724603,1.00272190628806,1683.2527753183,1923.44680714164
"msnburr2a",200,1,31,"alpha",1,1.29381425032484,0.71673330858182,2.32297347434343,1.00100316336752,1103.68554143859,2068.14502593396
"msnburr2a",200,1,32,"mu",0,0.0726885340015207,-0.144831608606266,0.276320094668148,1.00302004873853,936.499719274564,1348.0489099293
"msnburr2a",200,1,32,"sigma",1,1.00839296507863,0.897170346993841,1.1333977824891,1.00147308346356,1583.69574142801,2208.95269914414
"msnburr2a",200,1,32,"alpha",1,1.78694266558946,0.919449433045117,3.58091937335113,1.00233902740704,1284.80284721599,1982.9518861021
"msnburr2a",200,1,33,"mu",0,-0.00808793065568734,-0.202346998525034,0.181067134911043,1.00294437798957,992.633644073452,1484.97032884221
"msnburr2a",200,1,33,"sigma",1,0.975740682807851,0.869431498156713,1.09581736879627,1.00450756549904,1668.1329424824,1663.80495201792
"msnburr2a",200,1,33,"alpha",1,1.01931720167126,0.643117760321299,1.55863759371215,1.00112021431321,1619.85644548261,2863.53725191253
"msnburr2a",200,1,34,"mu",0,0.0382950469902336,-0.176698863306361,0.265981553846648,1.00189434072307,696.382270073983,1063.83185838222
"msnburr2a",200,1,34,"sigma",1,0.955820079284126,0.84755976131143,1.07032714246469,1.00204225501063,1702.17489626835,2100.46876431021
"msnburr2a",200,1,34,"alpha",1,1.51161408542136,0.780892427502217,3.01162058464835,1.00216214184931,905.473731567689,1772.7036961646
"msnburr2a",200,1,35,"mu",0,0.215408452556949,0.00078759499578346,0.413820061495334,1.00205223067138,744.205557211298,1224.91698548746
"msnburr2a",200,1,35,"sigma",1,1.00392979884581,0.895366306358547,1.1252182636233,1.0027294298587,1502.9448741452,1528.11276462338
"msnburr2a",200,1,35,"alpha",1,2.51122915765614,1.16111567018891,5.78953443346687,1.00127559470078,978.48302031484,2378.92925276016
"msnburr2a",200,1,36,"mu",0,-0.000852176681758037,-0.23400744376659,0.218390057618664,1.00234656131548,592.787091047209,1051.09560999291
"msnburr2a",200,1,36,"sigma",1,0.979533906416437,0.873306407210089,1.10261980388238,1.00173569412908,1552.62858545225,1714.136629431
"msnburr2a",200,1,36,"alpha",1,1.41444041325841,0.759375050812882,2.62279243655179,1.00190449334885,760.537905075708,1722.44901776813
"msnburr2a",200,1,37,"mu",0,6.89511452055409e-06,-0.211042682160501,0.219170067753518,1.00265982346672,919.89005942522,1199.39975680799
"msnburr2a",200,1,37,"sigma",1,1.01281139152944,0.896110423032789,1.13972454974278,1.00078782830486,1881.56739015468,2213.4520034046
"msnburr2a",200,1,37,"alpha",1,1.09081682565344,0.664103546173052,1.83375361740385,1.00141090435295,1335.44738600241,2327.12023027402
"msnburr2a",200,1,38,"mu",0,-0.158376763774085,-0.350259676562066,0.0300810729765593,1.00316158231551,866.299413758008,1140.32978920502
"msnburr2a",200,1,38,"sigma",1,0.944020758755083,0.838980929766923,1.06246249886693,1.00186598552187,1890.38838314334,1754.60845649102
"msnburr2a",200,1,38,"alpha",1,0.785109462399275,0.518258056919164,1.16686936243916,1.00189831527309,1696.60770173882,3326.73371375586
"msnburr2a",200,1,39,"mu",0,0.00356562977994822,-0.242446605824844,0.263697331531384,1.00946638226934,614.199151010398,934.316182920247
"msnburr2a",200,1,39,"sigma",1,1.02498105690334,0.911156559956335,1.15514821814552,1.0035386670072,1569.68524845106,1793.23428458056
"msnburr2a",200,1,39,"alpha",1,1.10413956050965,0.607706305230957,2.00996879899608,1.00599519120049,837.466506144658,1794.76024243657
"msnburr2a",200,1,40,"mu",0,-0.0377392599589321,-0.292635467875501,0.232162908771816,1.00496741804545,499.973497578172,909.869939622735
"msnburr2a",200,1,40,"sigma",1,1.05414823134086,0.936450933441652,1.18827187343643,1.00214249843438,1331.04655135177,1516.76480996403
"msnburr2a",200,1,40,"alpha",1,0.922642964735045,0.513506987363176,1.64094513954287,1.00412919255717,626.08768508343,1259.00356072079
"msnburr2a",200,1,41,"mu",0,-0.0248806172722072,-0.212692894766537,0.16409661887215,1.00250864666556,949.421945029632,1428.81734011573
"msnburr2a",200,1,41,"sigma",1,0.950728115460962,0.84487257995979,1.06045728273872,1.00143964096181,1889.97084351738,2204.950835262
"msnburr2a",200,1,41,"alpha",1,1.01427836228805,0.646662016562244,1.54532271090525,1.00142879191955,1642.49253679058,3150.5688536044
"msnburr2a",200,1,42,"mu",0,0.0204568499910718,-0.230937296102021,0.263147422593443,1.01019083078072,563.676368528613,917.124275752535
"msnburr2a",200,1,42,"sigma",1,1.07359166489185,0.951192648056072,1.20133498078974,1.00186632319439,1648.27780420755,2095.71858632983
"msnburr2a",200,1,42,"alpha",1,1.46302146360391,0.762745734037946,2.89750798412919,1.00748025765432,746.427619130968,1812.52050561446
"msnburr2a",200,1,43,"mu",0,0.052360565078277,-0.15734622259708,0.274767660201043,1.00663065265968,861.818509116206,1308.92491763305
"msnburr2a",200,1,43,"sigma",1,1.05254437691315,0.937573753769344,1.1817862671396,1.0020197232655,1526.96362569319,1527.49601610228
"msnburr2a",200,1,43,"alpha",1,1.23740074564468,0.748036283361367,2.08492571684742,1.0066924179458,1175.31737213677,2202.71118201109
"msnburr2a",200,1,44,"mu",0,-0.156818929230459,-0.41139621127747,0.0901162960792822,1.01121762610299,596.598053277214,872.704371014817
"msnburr2a",200,1,44,"sigma",1,0.94995530678851,0.843353158775022,1.07188047498554,1.00252275017334,1494.70822185303,1909.94548709168
"msnburr2a",200,1,44,"alpha",1,0.909159769656323,0.494839232897013,1.60794141097515,1.00831213689696,756.154454221058,1307.05459029705
"msnburr2a",200,1,45,"mu",0,-0.0281792530625962,-0.242943404376398,0.198514423820365,1.00494931175946,725.366402127513,1204.55064937557
"msnburr2a",200,1,45,"sigma",1,0.984908180180666,0.874601006644141,1.11565182032568,1.00286223883878,1731.15417483711,1990.79511663528
"msnburr2a",200,1,45,"alpha",1,0.90683585870029,0.551547198255518,1.49245549420539,1.00338225306684,1061.02699295078,2056.66974713722
"msnburr2a",200,1,46,"mu",0,-0.131130326820182,-0.351837200817562,0.0877299186873679,1.00622654709992,620.124925552853,803.616171900185
"msnburr2a",200,1,46,"sigma",1,0.977824418196797,0.867321004201732,1.10121194521422,1.0023053620004,1675.69652514335,1834.30475905542
"msnburr2a",200,1,46,"alpha",1,0.705964917153825,0.44719928040192,1.08158617852514,1.00436258166744,944.896864139094,2232.57831110702
"msnburr2a",200,1,47,"mu",0,0.233257737104679,0.0296140379627678,0.427649215140238,1.00386063867605,705.484262739892,1174.87405056504
"msnburr2a",200,1,47,"sigma",1,0.976003086532776,0.869773776622401,1.09885323398275,1.00054600961828,1704.98200219362,1852.67160314992
"msnburr2a",200,1,47,"alpha",1,1.7548416922714,0.950189964531794,3.20809802531092,1.00217937851197,1188.31302014751,2239.95629592404
"msnburr2a",200,1,48,"mu",0,0.0458235510976971,-0.16001056028327,0.238751703879888,1.0045867729641,846.198646369256,1159.70503334921
"msnburr2a",200,1,48,"sigma",1,0.921374771516741,0.820385232749925,1.03439802339795,1.00236206477585,1670.91538327588,1853.12883767329
"msnburr2a",200,1,48,"alpha",1,1.27069806688501,0.722373320938901,2.19300975809,1.00315458301621,1153.92311101787,1967.57235560676
"msnburr2a",200,1,49,"mu",0,0.0338842095412808,-0.163785675800762,0.23671712496082,1.00652600982067,727.753779596664,1105.65956982542
"msnburr2a",200,1,49,"sigma",1,0.844210102928006,0.748211914122817,0.946874604505253,1.0038823882299,1660.92480734962,1816.30422483338
"msnburr2a",200,1,49,"alpha",1,1.17001687850799,0.642000475354677,2.16602715221442,1.00453041841303,988.798521748348,1753.70598069744
"msnburr2a",200,1,50,"mu",0,-0.0658502582531511,-0.299422577409685,0.149309120392007,1.00600669394369,617.407542693574,1181.82279694805
"msnburr2a",200,1,50,"sigma",1,1.00958961646056,0.89692147808175,1.13379713356502,1.00118381966569,1724.77408159643,2129.48856284697
"msnburr2a",200,1,50,"alpha",1,1.12727461666887,0.648165514628541,1.87732034629195,1.00465218809109,927.262639340023,2046.49005986022
"msnburr2a",200,3,1,"mu",0,0.108412549643546,-0.0597735415676839,0.271133080159008,1.00194109957952,1296.0815909353,1781.22921618155
"msnburr2a",200,3,1,"sigma",1,0.995990150956784,0.889765740495572,1.11112096191086,1.00271920370324,1658.23628646593,1770.79260083846
"msnburr2a",200,3,1,"alpha",3,8.60344415277402,2.71540967735046,24.9641511323234,1.00066939529383,1955.6555505673,2707.65727271572
"msnburr2a",200,3,2,"mu",0,-0.0871259341026016,-0.297769132227874,0.114138550757456,1.00338608062374,671.582361927566,1157.30106472568
"msnburr2a",200,3,2,"sigma",1,0.945548245111617,0.841116422461665,1.06709811112098,1.00532195056083,1514.77212502369,1727.94961728501
"msnburr2a",200,3,2,"alpha",3,1.8468130747335,0.912835273371565,3.72376586143943,1.00238039123572,885.310548999781,2029.19526958198
"msnburr2a",200,3,3,"mu",0,-0.0103466643908372,-0.206867326112969,0.171945358144872,1.00363825707352,762.746504237716,1416.43208312861
"msnburr2a",200,3,3,"sigma",1,0.930494667584085,0.828719643099781,1.03802370147625,1.00198210136766,1663.1204191889,1905.75294437057
"msnburr2a",200,3,3,"alpha",3,2.55147093677707,1.1527436062906,5.69780341926035,1.00248483771891,1034.9252514208,2238.15672184289
"msnburr2a",200,3,4,"mu",0,-0.0243706752754595,-0.21435447493101,0.164319960370452,1.0039594627875,835.275325310628,1245.06439261577
"msnburr2a",200,3,4,"sigma",1,1.0320082383465,0.924357650347429,1.15332795010555,1.00295604530259,1665.05447830497,1820.68688334253
"msnburr2a",200,3,4,"alpha",3,4.07273949965242,1.62746437182742,10.2934747991983,1.00248634773058,1260.04196287601,2190.79333792653
"msnburr2a",200,3,5,"mu",0,0.0099810354717333,-0.202444909449853,0.200303059604744,1.01090975184649,824.774098795225,1293.62955480166
"msnburr2a",200,3,5,"sigma",1,1.05777596230935,0.945998648103569,1.17776168984918,1.00628401775785,1696.84942523911,1925.81098404299
"msnburr2a",200,3,5,"alpha",3,5.01662046689512,1.76318988800925,13.9900454000498,1.00635223494892,1185.20623224269,2607.97022026941
"msnburr2a",200,3,6,"mu",0,0.141730607075121,-0.0525223694031078,0.318329625355009,1.00297306123112,797.981205939306,1190.65503035426
"msnburr2a",200,3,6,"sigma",1,0.951573414518129,0.85557885389956,1.06018594229363,1.00169450365824,1727.2541836113,1661.40972666805
"msnburr2a",200,3,6,"alpha",3,4.32449451944892,1.60107182233584,11.7108527657585,1.0007957224198,1130.19024932604,1966.43626222176
"msnburr2a",200,3,7,"mu",0,-0.129137623379014,-0.331574732272774,0.0628402484090821,1.00491470010435,843.045778249208,1145.18695327771
"msnburr2a",200,3,7,"sigma",1,0.959629662387644,0.858439268366402,1.07376413571858,1.00108347976589,1669.37115845774,2008.10374542862
"msnburr2a",200,3,7,"alpha",3,2.7827529875197,1.27432075821071,6.16376142006067,1.00334504201924,1138.38531563254,2157.63247944163
"msnburr2a",200,3,8,"mu",0,-0.13273787752466,-0.343612606615578,0.0719029275225305,1.01059903375549,570.213450645154,1197.48538555338
"msnburr2a",200,3,8,"sigma",1,1.07223394617489,0.957810157576568,1.1999097800144,1.00272469389269,1575.00038829743,1819.74996924758
"msnburr2a",200,3,8,"alpha",3,3.077212898595,1.36632927447085,7.07704102329524,1.00724622552668,860.036875471386,2105.86447761946
"msnburr2a",200,3,9,"mu",0,-0.00953718592951228,-0.192320662076911,0.160770179922931,1.00285176266487,771.540562373182,1203.25622604561
"msnburr2a",200,3,9,"sigma",1,0.917593193677541,0.817945185498718,1.02609171757553,1.00176943909034,1751.42333029672,1642.65769313348
"msnburr2a",200,3,9,"alpha",3,3.76462124430183,1.50882953180631,9.58859230021572,1.00079889802311,1263.61185797098,2118.99698465246
"msnburr2a",200,3,10,"mu",0,0.0379432385352747,-0.173228952531676,0.222682020265601,1.00306652679488,763.251126403775,1069.85243951438
"msnburr2a",200,3,10,"sigma",1,1.04934205591577,0.939236776799067,1.1735268731319,1.0032416625306,1532.13097812783,1517.98413475881
"msnburr2a",200,3,10,"alpha",3,4.74094676851202,1.78667412119485,12.7719124615429,1.00124931589962,1190.18348816449,2263.51209931951
"msnburr2a",200,3,11,"mu",0,-0.0151980076386102,-0.245903621872648,0.192587834399584,1.00302592829105,761.259257933959,1187.62517076709
"msnburr2a",200,3,11,"sigma",1,1.0632173716292,0.949694056701823,1.18456332946981,1.00120151599409,1454.95023538202,1643.67640016855
"msnburr2a",200,3,11,"alpha",3,3.15598751914469,1.34079361028022,7.51444790941053,1.00212981640543,1072.82151123013,2167.23521237599
"msnburr2a",200,3,12,"mu",0,-0.169021453952635,-0.398159922625312,0.0538956449499461,1.00506138103608,725.391792817857,1149.00123580925
"msnburr2a",200,3,12,"sigma",1,1.07040227002112,0.956836547147026,1.19781721192641,1.00091861825477,1688.62298966956,1839.73588691587
"msnburr2a",200,3,12,"alpha",3,2.09753578888094,1.03338562757421,4.25241964856329,1.00230433650653,989.430214677405,2090.27054481706
"msnburr2a",200,3,13,"mu",0,0.0271259339504536,-0.128067952459686,0.178583018666134,1.0052401208676,1030.40732177981,1315.53739272458
"msnburr2a",200,3,13,"sigma",1,0.907812555315464,0.813395225919768,1.00973766161569,1.00126366167067,1776.78460351687,1993.4053982977
"msnburr2a",200,3,13,"alpha",3,5.64641273748558,2.15493909740034,14.6017431710897,1.00418179173442,1603.73184902292,2347.26231332786
"msnburr2a",200,3,14,"mu",0,-0.0433629454302016,-0.256693702998119,0.149852632953929,1.00285725038036,790.526851548187,1344.71144070824
"msnburr2a",200,3,14,"sigma",1,1.0458056877897,0.936675331106972,1.17213981731862,1.00181289013121,1563.76015903929,1971.29451578106
"msnburr2a",200,3,14,"alpha",3,5.2735696809621,1.79856687875853,15.6358623125382,1.00093765060955,1296.55909011256,2370.39359490278
"msnburr2a",200,3,15,"mu",0,-0.00616947654640679,-0.220594494803784,0.2014287159289,1.00094592746609,829.379069261686,1448.5177250035
"msnburr2a",200,3,15,"sigma",1,1.03670572070202,0.925482603023467,1.16425074160883,1.00278526914024,1515.48503771379,1686.43696053229
"msnburr2a",200,3,15,"alpha",3,3.08727630641359,1.33340509795283,7.48865438025381,1.00127934327502,1095.00437588155,2132.43001187309
"msnburr2a",200,3,16,"mu",0,-0.102381579392703,-0.354610986932132,0.113541070849152,1.00505671884055,676.514011296145,1034.25013004926
"msnburr2a",200,3,16,"sigma",1,1.02869198302608,0.913823821324342,1.15261797182987,1.00394828050314,1691.39400270452,1954.74988515305
"msnburr2a",200,3,16,"alpha",3,2.78060882734433,1.12949051204076,6.76991501497714,1.00467607745886,882.309545033075,1786.28507810998
"msnburr2a",200,3,17,"mu",0,-0.0614514545308671,-0.255821738872535,0.132945388328757,1.00352050894259,784.56003436247,1224.23237862784
"msnburr2a",200,3,17,"sigma",1,0.992473314274729,0.888201744836056,1.1183540939802,1.00261191591181,1868.61071616886,1888.09577321733
"msnburr2a",200,3,17,"alpha",3,3.59259684797792,1.4824525221412,8.78642853668277,1.00213189036402,1129.91593980813,2038.19834302083
"msnburr2a",200,3,18,"mu",0,0.046455003613763,-0.151486835840933,0.248936341719283,1.00439910260489,764.895443450707,977.694580933421
"msnburr2a",200,3,18,"sigma",1,1.0206865255724,0.904853957395527,1.14367699478691,1.00267570518422,1792.99094523648,2040.14040846044
"msnburr2a",200,3,18,"alpha",3,3.35951679543145,1.42633130104937,8.24877997132065,1.00360792469159,1083.05151371432,2395.45824394918
"msnburr2a",200,3,19,"mu",0,-0.0189040661601077,-0.237556282400479,0.188536886005678,1.0026720227486,825.729252635146,1228.80819751161
"msnburr2a",200,3,19,"sigma",1,1.10203624372239,0.983597100810963,1.23361391863858,1.00155719609955,1529.063499879,2034.23977244108
"msnburr2a",200,3,19,"alpha",3,2.67586997989456,1.28869356687387,5.77518754225106,1.00175376441634,1314.36161984529,2463.60235548693
"msnburr2a",200,3,20,"mu",0,-0.0577299493518089,-0.243533353810623,0.123889324727827,1.00242154593751,916.082856235533,1342.94435253123
"msnburr2a",200,3,20,"sigma",1,0.958932359159877,0.858218845827459,1.07421418507807,1.00161124622194,1667.17565610014,1736.98687268599
"msnburr2a",200,3,20,"alpha",3,3.49867308568951,1.4762864664437,8.24303685170642,1.00115064657594,1417.32987521133,2690.74013992334
"msnburr2a",200,3,21,"mu",0,-0.0566437264534905,-0.269629165541497,0.148960926950376,1.00312320632364,704.511594526053,1007.94285167393
"msnburr2a",200,3,21,"sigma",1,0.99909823625085,0.88928900758743,1.11669337560172,1.00153352407037,1795.55128278593,1916.19757062748
"msnburr2a",200,3,21,"alpha",3,2.23589424850965,1.08434884711248,4.85210255199644,1.00164287168046,944.622833232239,1658.84909719831
"msnburr2a",200,3,22,"mu",0,-0.256451328022236,-0.488886932015411,-0.0135928121208663,1.00676617708841,574.100688323748,1030.35685729289
"msnburr2a",200,3,22,"sigma",1,0.92493618839972,0.820832764363686,1.04043452044096,1.00316514549781,1234.39175685616,1420.02264579406
"msnburr2a",200,3,22,"alpha",3,1.48298041544531,0.726737313497414,3.22516780729023,1.00519330518523,705.521989150555,1326.33763728858
"msnburr2a",200,3,23,"mu",0,-0.0274398968590165,-0.228414886622137,0.175648007904021,1.0024305699918,898.509608043887,1336.50781443802
"msnburr2a",200,3,23,"sigma",1,1.0357903897296,0.917972087631535,1.16764545381554,1.00291889373098,1815.82232982386,1972.36570776956
"msnburr2a",200,3,23,"alpha",3,2.44638828861315,1.21897917502465,5.10075076090623,1.00217070645643,1284.18407681795,1849.8981996998
"msnburr2a",200,3,24,"mu",0,0.003727497011838,-0.178509528677215,0.166800500222557,1.00362970797731,983.643358067287,1439.04498398434
"msnburr2a",200,3,24,"sigma",1,0.963044418292978,0.855379628132895,1.07853514489088,1.00151435342747,1724.82917313036,2064.14010242915
"msnburr2a",200,3,24,"alpha",3,3.67282943982479,1.60120941443855,8.46784705106635,1.00163791217674,1356.43134309044,2386.70513177705
"msnburr2a",200,3,25,"mu",0,-0.133402103022096,-0.338100486550768,0.0629847256920607,1.00361438531655,872.976759665008,1364.21130494539
"msnburr2a",200,3,25,"sigma",1,1.02339904945547,0.918390348211421,1.14344557086976,1.0034972016409,1615.46350524338,1494.58393520814
"msnburr2a",200,3,25,"alpha",3,3.4410916890376,1.53763860249086,7.68388008923344,1.00154559182738,1318.40094499339,2301.61756889525
"msnburr2a",200,3,26,"mu",0,0.00980412249217578,-0.205794302818198,0.210800500521821,1.00458148224873,856.432703012604,1421.34398109307
"msnburr2a",200,3,26,"sigma",1,1.08950956660157,0.973561929665565,1.21726349801578,1.00272263876042,1685.59251739125,1853.85783219722
"msnburr2a",200,3,26,"alpha",3,3.84702785034298,1.54761400311667,9.3330539285498,1.00410939925212,1195.32903415237,2498.37496358959
"msnburr2a",200,3,27,"mu",0,-0.114968070889528,-0.32327000908097,0.0910799678283348,1.00771036092036,743.425866586391,1226.26733750163
"msnburr2a",200,3,27,"sigma",1,0.887537871020241,0.793305046772799,0.997639102442509,1.00163900392548,1842.5198496335,1666.20179901699
"msnburr2a",200,3,27,"alpha",3,1.86523115125514,0.930252351525452,3.73360227225795,1.00653088312596,957.4645910978,1853.35255066608
"msnburr2a",200,3,28,"mu",0,0.0257737372071925,-0.138101583886496,0.179586084864094,1.00270343905924,973.110171345148,1427.14241175212
"msnburr2a",200,3,28,"sigma",1,0.894455097098142,0.796176023252469,0.998517671305084,1.00399781580541,1758.26732791436,1988.63694867164
"msnburr2a",200,3,28,"alpha",3,4.71615374959572,1.85792046671855,12.2635737207319,1.00073881564331,1485.68707324166,2351.76313883687
"msnburr2a",200,3,29,"mu",0,0.0152838531855192,-0.168292914487818,0.215046852431236,1.00352552801857,919.017116424729,1240.33099663789
"msnburr2a",200,3,29,"sigma",1,0.997623533240739,0.894926385018092,1.11197041945448,1.00331144986213,1598.75375739672,1897.68107774175
"msnburr2a",200,3,29,"alpha",3,3.35379286902693,1.52513417178246,7.82953534716502,1.00186478391228,1405.98670110092,2099.63438601881
"msnburr2a",200,3,30,"mu",0,0.0223850893563979,-0.197639642479432,0.233901205368032,1.00361439640674,674.962558473681,1021.41980486869
"msnburr2a",200,3,30,"sigma",1,0.925379723869031,0.824576002442999,1.03695411136302,1.00278060012737,1418.46962402182,1777.15326996033
"msnburr2a",200,3,30,"alpha",3,1.67051990005853,0.840524452470559,3.39911753899819,1.00339310720804,885.112577249745,1603.38795082378
"msnburr2a",200,3,31,"mu",0,-0.113258704171479,-0.339175720317836,0.0938065983582139,1.00857205339117,826.893087145775,1351.59026882802
"msnburr2a",200,3,31,"sigma",1,1.03190865087555,0.92250611281315,1.15891737003113,1.00324922137518,1869.88393457333,1705.41863432949
"msnburr2a",200,3,31,"alpha",3,3.20912530641607,1.28197371374148,8.22946689012194,1.0065367756278,1107.15822284557,2153.95433473406
"msnburr2a",200,3,32,"mu",0,-0.10140621496467,-0.30289230638218,0.0861120741527743,1.00512612105198,856.634177634609,1173.92306629886
"msnburr2a",200,3,32,"sigma",1,0.9341418705984,0.83127370757931,1.05441392847673,1.00288582231422,1530.0305863279,1744.99103269103
"msnburr2a",200,3,32,"alpha",3,1.89413787001058,0.993432729497904,3.72282391599684,1.00349158630759,1177.54094060009,1990.3554345219
"msnburr2a",200,3,33,"mu",0,-0.17446305343618,-0.394013230936079,0.0353488242073073,1.00394777080692,912.401784929115,1458.34235432579
"msnburr2a",200,3,33,"sigma",1,1.05001946237443,0.937434345004886,1.17886407874245,1.00231925479515,1776.30266325019,1845.41830964
"msnburr2a",200,3,33,"alpha",3,1.66472014691207,0.92343802787598,2.97349679475008,1.00375818122066,1389.48322133108,2551.27848774627
"msnburr2a",200,3,34,"mu",0,0.0977042165595739,-0.0875801692978855,0.273008452053297,1.00383797196678,1039.17600333171,1645.92684485964
"msnburr2a",200,3,34,"sigma",1,1.04676224379704,0.932518567591502,1.1707560147435,1.00098626864115,1372.13996790829,1822.59451469486
"msnburr2a",200,3,34,"alpha",3,5.26150697470106,2.01936635447142,14.1238377148114,1.00140087518433,1627.59227105481,2591.74452388274
"msnburr2a",200,3,35,"mu",0,-0.10662818706945,-0.323232492366734,0.108120918040816,1.00471492248178,743.183799404276,1321.31104045298
"msnburr2a",200,3,35,"sigma",1,1.0084682915556,0.903838970766136,1.12637062077567,1.00275634570307,1781.43450672829,1733.71091946518
"msnburr2a",200,3,35,"alpha",3,2.24449974318317,1.08160448258239,4.85795725804677,1.00445174285812,1011.52478541633,1742.74415239277
"msnburr2a",200,3,36,"mu",0,-0.0581339865530652,-0.292119985899183,0.157351227236969,1.0114960644913,652.859113448274,995.307975257462
"msnburr2a",200,3,36,"sigma",1,0.990014346197016,0.888966477436639,1.11143590851533,1.00435275506019,1698.51175845014,1891.35654944984
"msnburr2a",200,3,36,"alpha",3,2.44029233682089,1.05243714859936,5.78611792820812,1.01070903155548,851.395296791245,1888.2436498809
"msnburr2a",200,3,37,"mu",0,-0.0312807296332279,-0.260877272962844,0.177143728870405,1.00312709843205,832.278947044581,1228.08711510423
"msnburr2a",200,3,37,"sigma",1,1.02499097113517,0.912777426914541,1.15526802218139,1.00088539727299,1652.70189345146,1547.92414623689
"msnburr2a",200,3,37,"alpha",3,2.36323689806868,1.09293822936729,5.03108183168634,1.00096603019698,1091.32606953849,2046.04933432777
"msnburr2a",200,3,38,"mu",0,-0.0130280756199679,-0.198512488427656,0.18594307368516,1.00684921545963,776.112317582185,1310.89664960098
"msnburr2a",200,3,38,"sigma",1,0.982045481764072,0.873005074910163,1.10050810132713,1.00078780751031,1504.47991786915,1895.39541653821
"msnburr2a",200,3,38,"alpha",3,2.56122972552228,1.25217963349942,5.53812672467295,1.00453264448057,1158.32718457246,2077.89588560664
"msnburr2a",200,3,39,"mu",0,-0.0928870980140949,-0.322590592899683,0.125917695781193,1.00651955408245,723.392069917408,1356.24648443486
"msnburr2a",200,3,39,"sigma",1,1.06852467340364,0.956906079271804,1.19790235543124,1.00180775119039,1594.48137316129,1500.78151204389
"msnburr2a",200,3,39,"alpha",3,3.06411958144959,1.27463151880809,7.60713000327326,1.0033920378351,976.827014345248,2087.88605961802
"msnburr2a",200,3,40,"mu",0,-0.143399573882367,-0.359402932122539,0.0757359988435624,1.0052369097615,877.546353023582,1290.99895880398
"msnburr2a",200,3,40,"sigma",1,1.0518535619552,0.941047846131696,1.17997154930222,1.00085075015579,1654.3788150808,1944.67149224052
"msnburr2a",200,3,40,"alpha",3,2.00240439097995,1.0446842175209,3.93970390646681,1.00289471011139,1284.00007903557,2444.52232750251
"msnburr2a",200,3,41,"mu",0,-0.0193981038231521,-0.20197423781417,0.161239022203065,1.00225366901427,1037.02202691034,1450.52163902136
"msnburr2a",200,3,41,"sigma",1,1.00255132408565,0.894113198848949,1.1240170178618,1.00461533649659,1443.91435401251,1827.54761119703
"msnburr2a",200,3,41,"alpha",3,3.69020779006613,1.64502849316325,8.64876503278563,1.00124509747715,1657.01572611257,2528.69446058066
"msnburr2a",200,3,42,"mu",0,0.0818271683238215,-0.134194342718021,0.29376420435007,1.00385378229753,794.796814055008,1103.56053073325
"msnburr2a",200,3,42,"sigma",1,1.06748486745904,0.948703590324073,1.19699768293775,1.00227114128942,1654.82351355834,1865.78061770348
"msnburr2a",200,3,42,"alpha",3,3.89189214952337,1.51236901490716,10.7288269044318,1.00291190095026,1155.96880195134,1929.11906784794
"msnburr2a",200,3,43,"mu",0,0.0744173967788896,-0.107278766075605,0.23892678640819,1.00471376447597,865.726467625716,1013.28289620394
"msnburr2a",200,3,43,"sigma",1,0.953248969704871,0.854115038932928,1.06613580717372,1.00202719418204,1426.78839808339,1474.01237813122
"msnburr2a",200,3,43,"alpha",3,6.43545511434953,2.11398825032302,18.0835685707851,1.00438666190088,1344.88759172727,2490.24003492013
"msnburr2a",200,3,44,"mu",0,0.0605054116628012,-0.11849502262689,0.225849730836741,1.00414349735518,987.040349953017,1300.96228795402
"msnburr2a",200,3,44,"sigma",1,0.971545061551403,0.868470532884724,1.085073657269,1.00320343140729,1742.04437112224,2062.99515623402
"msnburr2a",200,3,44,"alpha",3,5.28364354352499,1.95523128213416,14.0106665040417,1.00157446894426,1481.49627330645,2795.68041799492
"msnburr2a",200,3,45,"mu",0,-0.0448109064423775,-0.295869849932908,0.197301000339428,1.00641618026657,696.944680340288,982.241505396552
"msnburr2a",200,3,45,"sigma",1,1.11525059491096,0.997539556018138,1.24721365352402,1.00211797998421,1708.11999523104,1993.98742080028
"msnburr2a",200,3,45,"alpha",3,2.99573956236276,1.19492560314453,7.77600790540479,1.00497314780688,900.19049167824,1359.71378149766
"msnburr2a",200,3,46,"mu",0,0.0556524035211801,-0.122642795845066,0.233335250404711,1.00338128066763,829.970478993279,1371.33047652392
"msnburr2a",200,3,46,"sigma",1,0.98776925254091,0.889793090599403,1.10500689498011,1.00226423949182,1707.18662067754,1717.84114544016
"msnburr2a",200,3,46,"alpha",3,5.45902092154881,1.93235259585276,15.8721813913266,1.00153157968538,1222.25620389363,2382.06294320282
"msnburr2a",200,3,47,"mu",0,0.0536270498466597,-0.124356362675686,0.228070231681734,1.00283068347327,758.452515261984,1461.32752167487
"msnburr2a",200,3,47,"sigma",1,0.961186940361037,0.859322185391863,1.07649265797572,1.00204473101638,1661.68648444992,1801.77501548932
"msnburr2a",200,3,47,"alpha",3,4.13764702713804,1.71083730854924,10.8111809558998,1.00058227809938,1079.76605949438,1875.50851542076
"msnburr2a",200,3,48,"mu",0,0.0308240123104522,-0.15227772211089,0.205265126220203,1.00887584797273,899.950613492961,1385.08098803338
"msnburr2a",200,3,48,"sigma",1,0.935967312935903,0.836507739737383,1.04108805671425,1.00278591817765,1828.84489943307,1885.97839392128
"msnburr2a",200,3,48,"alpha",3,3.27741375409562,1.43815300493094,7.62611510593797,1.00522034893119,1333.01757921144,2066.91883701837
"msnburr2a",200,3,49,"mu",0,0.0880660280193888,-0.105135934519641,0.267794435241766,1.00365955553065,808.467535875174,1209.27529398761
"msnburr2a",200,3,49,"sigma",1,0.973004131935496,0.872852289013605,1.09330089046958,1.00219721573314,1641.81052388453,1865.73968239746
"msnburr2a",200,3,49,"alpha",3,2.78594323294129,1.32195155937428,6.0552165413825,1.0024410001645,1158.86610092303,1518.77631832748
"msnburr2a",200,3,50,"mu",0,-0.0157836717474265,-0.196305344168596,0.160567607315423,1.00173159695561,768.66037903277,1362.73426385482
"msnburr2a",200,3,50,"sigma",1,0.946452998410814,0.844144471938454,1.06109465179211,1.00324912095558,1581.90416279924,1827.41644135521
"msnburr2a",200,3,50,"alpha",3,3.60806738058228,1.55124147257467,8.64430366197701,1.00075271834482,1219.26541670344,2178.1305777035
